Datum,precip_mm
01/03/2007,0.7
02/03/2007,1.8
03/03/2007,0.5
04/03/2007,0
05/03/2007,0.4
06/03/2007,0.8
07/03/2007,0.7
08/03/2007,0.3
09/03/2007,0
10/03/2007,0
11/03/2007,0.3
12/03/2007,0
13/03/2007,0
14/03/2007,0
15/03/2007,0
16/03/2007,0
17/03/2007,4.8
18/03/2007,1.6
19/03/2007,0.6
20/03/2007,0
21/03/2007,0
22/03/2007,0.2
23/03/2007,0
24/03/2007,0
25/03/2007,0
26/03/2007,0
27/03/2007,0
28/03/2007,0
29/03/2007,0
30/03/2007,0
31/03/2007,0.3
01/04/2007,0.2
02/04/2007,0.2
03/04/2007,0.4
04/04/2007,2.1
05/04/2007,0
06/04/2007,0.2
07/04/2007,0.1
08/04/2007,0
09/04/2007,0
10/04/2007,1.4
11/04/2007,0
12/04/2007,0
13/04/2007,0
14/04/2007,0
15/04/2007,0
16/04/2007,0
17/04/2007,0
18/04/2007,0
19/04/2007,1.7
20/04/2007,0
21/04/2007,0
22/04/2007,0.8
23/04/2007,0.3
24/04/2007,0
25/04/2007,0
26/04/2007,0.3
27/04/2007,0
28/04/2007,0.2
29/04/2007,0
30/04/2007,0
01/05/2007,0
02/05/2007,3.8
03/05/2007,2
04/05/2007,0
05/05/2007,0
06/05/2007,2
07/05/2007,7.2
08/05/2007,3.4
09/05/2007,2.2
10/05/2007,1.2
11/05/2007,3.2
12/05/2007,1
13/05/2007,0.5
14/05/2007,1.7
15/05/2007,6.7
16/05/2007,17.1
17/05/2007,0.6
18/05/2007,1.2
19/05/2007,7.1
20/05/2007,0
21/05/2007,0
22/05/2007,0
23/05/2007,2.7
24/05/2007,1.6
25/05/2007,8.4
26/05/2007,0.6
27/05/2007,0
28/05/2007,0
29/05/2007,0
30/05/2007,0
31/05/2007,0
01/06/2007,0
02/06/2007,0
03/06/2007,0
04/06/2007,0
05/06/2007,0
06/06/2007,0
07/06/2007,0
08/06/2007,0
09/06/2007,0
10/06/2007,0
11/06/2007,10.7
12/06/2007,0.7
13/06/2007,0
14/06/2007,0
15/06/2007,0
16/06/2007,0.3
17/06/2007,0.5
18/06/2007,2.3
19/06/2007,1.1
20/06/2007,5.8
21/06/2007,0.2
22/06/2007,0.4
23/06/2007,0
24/06/2007,0
25/06/2007,3.5
26/06/2007,4
27/06/2007,3.7
28/06/2007,5.4
29/06/2007,7.8
30/06/2007,0
01/07/2007,0
02/07/2007,2.2
03/07/2007,0
04/07/2007,0.3
05/07/2007,2
06/07/2007,0
07/07/2007,0
08/07/2007,0
09/07/2007,5.3
10/07/2007,11.1
11/07/2007,0
12/07/2007,2.4
13/07/2007,1.1
14/07/2007,0.2
15/07/2007,0
16/07/2007,0
17/07/2007,0
18/07/2007,7.4
19/07/2007,0
20/07/2007,0.4
21/07/2007,0
22/07/2007,3.5
23/07/2007,1
24/07/2007,4.2
25/07/2007,0
26/07/2007,3.2
27/07/2007,0.8
28/07/2007,6.1
29/07/2007,1.7
30/07/2007,0
31/07/2007,16.5
01/08/2007,1.7
02/08/2007,0.6
03/08/2007,0
04/08/2007,1.9
05/08/2007,0
06/08/2007,0
07/08/2007,0
08/08/2007,0
09/08/2007,0.9
10/08/2007,0
11/08/2007,0
12/08/2007,0
13/08/2007,0
14/08/2007,6.3
15/08/2007,1.3
16/08/2007,5.3
17/08/2007,13.6
18/08/2007,0
19/08/2007,0.3
20/08/2007,0
21/08/2007,0
22/08/2007,0
23/08/2007,0.8
24/08/2007,0
25/08/2007,9.8
26/08/2007,1
27/08/2007,7.1
28/08/2007,0
29/08/2007,0
30/08/2007,1.1
31/08/2007,3.3
01/09/2007,0
02/09/2007,1.7
03/09/2007,0.5
04/09/2007,0
05/09/2007,0
06/09/2007,0
07/09/2007,0.4
08/09/2007,0.2
09/09/2007,0
10/09/2007,1.3
11/09/2007,2.8
12/09/2007,0.6
13/09/2007,0.7
14/09/2007,4.9
15/09/2007,7.7
16/09/2007,3.7
17/09/2007,13.9
18/09/2007,1.5
19/09/2007,0
20/09/2007,0
21/09/2007,0.7
22/09/2007,0
23/09/2007,0.2
24/09/2007,3.1
25/09/2007,0
26/09/2007,0
27/09/2007,1.1
28/09/2007,0
29/09/2007,0.2
30/09/2007,0
01/10/2007,0.2
02/10/2007,0
03/10/2007,0.2
04/10/2007,0
05/10/2007,0
06/10/2007,1.8
07/10/2007,6.5
08/10/2007,0.5
09/10/2007,0.2
10/10/2007,0
11/10/2007,0
12/10/2007,0
13/10/2007,0.8
14/10/2007,0.3
15/10/2007,0
16/10/2007,6.8
17/10/2007,1.4
18/10/2007,0
19/10/2007,0
20/10/2007,3.2
21/10/2007,0
22/10/2007,0
23/10/2007,0
24/10/2007,0.7
25/10/2007,0.3
26/10/2007,0
27/10/2007,0
28/10/2007,3.9
29/10/2007,2.6
30/10/2007,0
31/10/2007,0
01/11/2007,0
02/11/2007,0
03/11/2007,0
04/11/2007,0.4
05/11/2007,1.2
06/11/2007,0
07/11/2007,0.2
08/11/2007,0
09/11/2007,13.9
10/11/2007,1
11/11/2007,3
12/11/2007,0
13/11/2007,0
14/11/2007,0.3
15/11/2007,0.8
16/11/2007,0.6
17/11/2007,5.7
18/11/2007,0.4
19/11/2007,0
20/11/2007,0
21/11/2007,0
22/11/2007,0
23/11/2007,0
24/11/2007,0
25/11/2007,1.2
26/11/2007,0
27/11/2007,0
28/11/2007,0
29/11/2007,0.1
30/11/2007,0.9
01/12/2007,0.4
02/12/2007,0.2
03/12/2007,0.4
04/12/2007,0.1
05/12/2007,2
06/12/2007,0.5
07/12/2007,0
08/12/2007,2.9
09/12/2007,0
10/12/2007,0
11/12/2007,0.6
12/12/2007,0
13/12/2007,0
14/12/2007,0
15/12/2007,2.4
16/12/2007,0
17/12/2007,0
18/12/2007,0
19/12/2007,3.1
20/12/2007,0.3
21/12/2007,0
22/12/2007,0
23/12/2007,0
24/12/2007,0.1
25/12/2007,0
26/12/2007,0.2
27/12/2007,0.5
28/12/2007,0
29/12/2007,0
30/12/2007,0.4
31/12/2007,0
01/01/2008,0.2
02/01/2008,0
03/01/2008,0
04/01/2008,0.1
05/01/2008,0.2
06/01/2008,0.5
07/01/2008,1.2
08/01/2008,0
09/01/2008,0.2
10/01/2008,4.3
11/01/2008,2.4
12/01/2008,0.9
13/01/2008,0
14/01/2008,2.2
15/01/2008,0.5
16/01/2008,2.5
17/01/2008,0
18/01/2008,0.7
19/01/2008,1.4
20/01/2008,5.2
21/01/2008,0
22/01/2008,0
23/01/2008,0.2
24/01/2008,0
25/01/2008,0
26/01/2008,0
27/01/2008,1.3
28/01/2008,0.3
29/01/2008,0
30/01/2008,0
31/01/2008,1.7
01/02/2008,4.1
02/02/2008,0.4
03/02/2008,0
04/02/2008,0
05/02/2008,0.8
06/02/2008,0.7
07/02/2008,0.3
08/02/2008,0
09/02/2008,0
10/02/2008,0
11/02/2008,0
12/02/2008,1.5
13/02/2008,15
14/02/2008,5.2
15/02/2008,0
16/02/2008,1.1
17/02/2008,1
18/02/2008,0
19/02/2008,0
20/02/2008,0.7
21/02/2008,0.9
22/02/2008,6.1
23/02/2008,0.3
24/02/2008,2.2
25/02/2008,0.2
26/02/2008,0
27/02/2008,0.3
28/02/2008,1.3
29/02/2008,0.8
01/03/2008,1
02/03/2008,1.8
03/03/2008,0.5
04/03/2008,0
05/03/2008,0
06/03/2008,0.6
07/03/2008,0
08/03/2008,0.5
09/03/2008,4
10/03/2008,0.5
11/03/2008,0.4
12/03/2008,0.4
13/03/2008,0.5
14/03/2008,0
15/03/2008,0
16/03/2008,1
17/03/2008,3.3
18/03/2008,2.2
19/03/2008,0
20/03/2008,0
21/03/2008,0
22/03/2008,0
23/03/2008,1.1
24/03/2008,0
25/03/2008,1.2
26/03/2008,0
27/03/2008,0
28/03/2008,0
29/03/2008,1.7
30/03/2008,1.6
31/03/2008,1.7
01/04/2008,0.8
02/04/2008,0
03/04/2008,1
04/04/2008,0.9
05/04/2008,9.6
06/04/2008,2.5
07/04/2008,0
08/04/2008,0
09/04/2008,0.2
10/04/2008,0
11/04/2008,0.6
12/04/2008,0.4
13/04/2008,2.1
14/04/2008,1.5
15/04/2008,0
16/04/2008,0
17/04/2008,0.7
18/04/2008,0
19/04/2008,0
20/04/2008,0
21/04/2008,0
22/04/2008,0
23/04/2008,0
24/04/2008,0.6
25/04/2008,0
26/04/2008,0
27/04/2008,0
28/04/2008,0
29/04/2008,0
30/04/2008,0
01/05/2008,0
02/05/2008,0
03/05/2008,0
04/05/2008,2.2
05/05/2008,0.3
06/05/2008,3.5
07/05/2008,2.3
08/05/2008,0
09/05/2008,0.5
10/05/2008,0
11/05/2008,0
12/05/2008,0
13/05/2008,0.8
14/05/2008,0
15/05/2008,0
16/05/2008,0
17/05/2008,1.3
18/05/2008,0.9
19/05/2008,0.9
20/05/2008,0.2
21/05/2008,0
22/05/2008,0
23/05/2008,0
24/05/2008,0
25/05/2008,0
26/05/2008,0
27/05/2008,0.3
28/05/2008,0
29/05/2008,0
30/05/2008,0
31/05/2008,0
01/06/2008,0.5
02/06/2008,0
03/06/2008,0
04/06/2008,0
05/06/2008,0
06/06/2008,0
07/06/2008,0
08/06/2008,2.6
09/06/2008,0
10/06/2008,0
11/06/2008,0
12/06/2008,1.4
13/06/2008,0
14/06/2008,0
15/06/2008,0
16/06/2008,0.7
17/06/2008,8.1
18/06/2008,2.8
19/06/2008,0.9
20/06/2008,4
21/06/2008,2.8
22/06/2008,8
23/06/2008,2.5
24/06/2008,24.5
25/06/2008,20.2
26/06/2008,22.2
27/06/2008,0
28/06/2008,0
29/06/2008,0
30/06/2008,2.2
01/07/2008,0.2
02/07/2008,0.5
03/07/2008,0
04/07/2008,0
05/07/2008,0
06/07/2008,0
07/07/2008,0
08/07/2008,0
09/07/2008,0
10/07/2008,0.9
11/07/2008,0
12/07/2008,0
13/07/2008,0
14/07/2008,5.2
15/07/2008,6.2
16/07/2008,6.6
17/07/2008,7.3
18/07/2008,1.6
19/07/2008,4.1
20/07/2008,0
21/07/2008,38
22/07/2008,14.5
23/07/2008,0
24/07/2008,0.5
25/07/2008,0
26/07/2008,0
27/07/2008,0
28/07/2008,0
29/07/2008,0
30/07/2008,0.4
31/07/2008,0
01/08/2008,0
02/08/2008,0
03/08/2008,0
04/08/2008,0
05/08/2008,0
06/08/2008,0.2
07/08/2008,0
08/08/2008,0
09/08/2008,4.2
10/08/2008,0.4
11/08/2008,1
12/08/2008,5.7
13/08/2008,3.6
14/08/2008,1.2
15/08/2008,0
16/08/2008,0
17/08/2008,0
18/08/2008,0
19/08/2008,4.1
20/08/2008,0
21/08/2008,5.6
22/08/2008,0
23/08/2008,0
24/08/2008,0
25/08/2008,0
26/08/2008,0
27/08/2008,1.5
28/08/2008,0
29/08/2008,6.9
30/08/2008,0
31/08/2008,0
01/09/2008,0
02/09/2008,0
03/09/2008,6.7
04/09/2008,1.2
05/09/2008,0
06/09/2008,0
07/09/2008,0
08/09/2008,0
09/09/2008,0
10/09/2008,0
11/09/2008,0
12/09/2008,0
13/09/2008,0
14/09/2008,0
15/09/2008,0
16/09/2008,0
17/09/2008,0
18/09/2008,0
19/09/2008,0
20/09/2008,0
21/09/2008,0
22/09/2008,0
23/09/2008,0
24/09/2008,0
25/09/2008,6.1
26/09/2008,2.4
27/09/2008,1.7
28/09/2008,1.7
29/09/2008,0
30/09/2008,0.7
01/10/2008,0
02/10/2008,0
03/10/2008,0
04/10/2008,0.2
05/10/2008,12.4
06/10/2008,1.8
07/10/2008,0
08/10/2008,0
09/10/2008,0.2
10/10/2008,0.8
11/10/2008,0
12/10/2008,0.5
13/10/2008,0.4
14/10/2008,2.7
15/10/2008,0
16/10/2008,0
17/10/2008,0.4
18/10/2008,0
19/10/2008,0
20/10/2008,4.4
21/10/2008,0
22/10/2008,0
23/10/2008,0
24/10/2008,1.4
25/10/2008,0
26/10/2008,0.4
27/10/2008,0.4
28/10/2008,0.3
29/10/2008,0.8
30/10/2008,0
31/10/2008,0
01/11/2008,0
02/11/2008,0.5
03/11/2008,1.1
04/11/2008,0.6
05/11/2008,0
06/11/2008,0
07/11/2008,0
08/11/2008,0.9
09/11/2008,0
10/11/2008,0.6
11/11/2008,1.6
12/11/2008,4.7
13/11/2008,0
14/11/2008,1.2
15/11/2008,0
16/11/2008,0
17/11/2008,0
18/11/2008,0.9
19/11/2008,0
20/11/2008,0.8
21/11/2008,2.2
22/11/2008,1.9
23/11/2008,3.4
24/11/2008,0.7
25/11/2008,2
26/11/2008,5.4
27/11/2008,1
28/11/2008,2.4
29/11/2008,0.8
30/11/2008,6.8
01/12/2008,0
02/12/2008,0
03/12/2008,1.5
04/12/2008,0.6
05/12/2008,0
06/12/2008,0
07/12/2008,0
08/12/2008,4
09/12/2008,0
10/12/2008,0
11/12/2008,0.3
12/12/2008,4.5
13/12/2008,0.4
14/12/2008,0
15/12/2008,0
16/12/2008,0
17/12/2008,0
18/12/2008,0.8
19/12/2008,0
20/12/2008,0
21/12/2008,0
22/12/2008,0
23/12/2008,0
24/12/2008,0
25/12/2008,0
26/12/2008,7.6
27/12/2008,0
28/12/2008,0
29/12/2008,0
30/12/2008,11.6
31/12/2008,1.5
01/01/2009,1.1
02/01/2009,0
03/01/2009,0.5
04/01/2009,0
05/01/2009,0
06/01/2009,2.1
07/01/2009,0.2
08/01/2009,0.4
09/01/2009,0
10/01/2009,0
11/01/2009,0
12/01/2009,2.1
13/01/2009,0
14/01/2009,0
15/01/2009,0
16/01/2009,0
17/01/2009,0.8
18/01/2009,0
19/01/2009,0
20/01/2009,1
21/01/2009,0.5
22/01/2009,0
23/01/2009,0
24/01/2009,0.3
25/01/2009,1
26/01/2009,0
27/01/2009,0
28/01/2009,0
29/01/2009,0
30/01/2009,0
31/01/2009,0
01/02/2009,0
02/02/2009,0.8
03/02/2009,0
04/02/2009,0
05/02/2009,0.8
06/02/2009,0
07/02/2009,0
08/02/2009,4.6
09/02/2009,2.2
10/02/2009,0
11/02/2009,0
12/02/2009,0.7
13/02/2009,0
14/02/2009,0
15/02/2009,0
16/02/2009,0
17/02/2009,0
18/02/2009,0
19/02/2009,0
20/02/2009,0
21/02/2009,0.1
22/02/2009,1.2
23/02/2009,0.4
24/02/2009,0
25/02/2009,0.2
26/02/2009,0
27/02/2009,0
28/02/2009,0
01/03/2009,0.2
02/03/2009,0.2
03/03/2009,0
04/03/2009,0
05/03/2009,0
06/03/2009,0.3
07/03/2009,0
08/03/2009,0
09/03/2009,0.8
10/03/2009,0.6
11/03/2009,0
12/03/2009,0
13/03/2009,0.5
14/03/2009,0
15/03/2009,0.3
16/03/2009,0
17/03/2009,0
18/03/2009,0
19/03/2009,6.3
20/03/2009,0
21/03/2009,0
22/03/2009,0.8
23/03/2009,0.2
24/03/2009,0
25/03/2009,0
26/03/2009,0
27/03/2009,0
28/03/2009,0
29/03/2009,2.1
30/03/2009,0.2
31/03/2009,0.3
01/04/2009,0
02/04/2009,0.3
03/04/2009,0
04/04/2009,0
05/04/2009,0
06/04/2009,0
07/04/2009,0
08/04/2009,0.5
09/04/2009,0
10/04/2009,0
11/04/2009,0
12/04/2009,0
13/04/2009,2
14/04/2009,1.3
15/04/2009,0
16/04/2009,0
17/04/2009,0
18/04/2009,0
19/04/2009,3.3
20/04/2009,0
21/04/2009,0
22/04/2009,0
23/04/2009,0
24/04/2009,0
25/04/2009,0.2
26/04/2009,7.4
27/04/2009,0.3
28/04/2009,0
29/04/2009,0
30/04/2009,0
01/05/2009,0
02/05/2009,3
03/05/2009,0
04/05/2009,0
05/05/2009,0
06/05/2009,0.3
07/05/2009,0.6
08/05/2009,2.3
09/05/2009,0.4
10/05/2009,0
11/05/2009,0
12/05/2009,0
13/05/2009,0
14/05/2009,0
15/05/2009,0
16/05/2009,0
17/05/2009,0
18/05/2009,0
19/05/2009,0
20/05/2009,1.3
21/05/2009,0.7
22/05/2009,3.4
23/05/2009,0
24/05/2009,0
25/05/2009,0
26/05/2009,0
27/05/2009,10.3
28/05/2009,0
29/05/2009,0
30/05/2009,0
31/05/2009,0
01/06/2009,0
02/06/2009,1.8
03/06/2009,0
04/06/2009,0.6
05/06/2009,0
06/06/2009,0.3
07/06/2009,0
08/06/2009,0
09/06/2009,0.5
10/06/2009,1
11/06/2009,4.3
12/06/2009,0
13/06/2009,1.2
14/06/2009,27.9
15/06/2009,2.3
16/06/2009,0
17/06/2009,0
18/06/2009,0
19/06/2009,0
20/06/2009,0
21/06/2009,0
22/06/2009,0
23/06/2009,0
24/06/2009,0
25/06/2009,0
26/06/2009,0
27/06/2009,0
28/06/2009,0
29/06/2009,0
30/06/2009,0
01/07/2009,0.4
02/07/2009,0
03/07/2009,0
04/07/2009,0
05/07/2009,0
06/07/2009,0
07/07/2009,0.8
08/07/2009,0
09/07/2009,0
10/07/2009,15
11/07/2009,0
12/07/2009,0
13/07/2009,0
14/07/2009,2.4
15/07/2009,0
16/07/2009,6.5
17/07/2009,0.4
18/07/2009,0
19/07/2009,0
20/07/2009,0
21/07/2009,0
22/07/2009,0
23/07/2009,0.5
24/07/2009,0
25/07/2009,0
26/07/2009,2.5
27/07/2009,0
28/07/2009,2
29/07/2009,1.8
30/07/2009,0
31/07/2009,0
01/08/2009,0
02/08/2009,0
03/08/2009,0
04/08/2009,0
05/08/2009,0
06/08/2009,0
07/08/2009,0
08/08/2009,0
09/08/2009,0
10/08/2009,5.9
11/08/2009,15.6
12/08/2009,0
13/08/2009,0
14/08/2009,0.4
15/08/2009,20.9
16/08/2009,0.3
17/08/2009,0.3
18/08/2009,0
19/08/2009,0
20/08/2009,0.5
21/08/2009,0.2
22/08/2009,0
23/08/2009,0.8
24/08/2009,3.8
25/08/2009,0
26/08/2009,0
27/08/2009,0
28/08/2009,0
29/08/2009,5.7
30/08/2009,2
31/08/2009,0
01/09/2009,0.6
02/09/2009,6.2
03/09/2009,0
04/09/2009,8.9
05/09/2009,1.4
06/09/2009,4.9
07/09/2009,7.2
08/09/2009,0.6
09/09/2009,2.1
10/09/2009,0
11/09/2009,0
12/09/2009,0.2
13/09/2009,0
14/09/2009,0
15/09/2009,0
16/09/2009,0
17/09/2009,0
18/09/2009,0
19/09/2009,0
20/09/2009,0
21/09/2009,0
22/09/2009,9.2
23/09/2009,0
24/09/2009,0
25/09/2009,1.5
26/09/2009,0.4
27/09/2009,0.8
28/09/2009,0
29/09/2009,0
30/09/2009,0
01/10/2009,0
02/10/2009,0
03/10/2009,0
04/10/2009,0
05/10/2009,0
06/10/2009,0
07/10/2009,1.3
08/10/2009,0
09/10/2009,0
10/10/2009,0
11/10/2009,0
12/10/2009,0
13/10/2009,0
14/10/2009,0
15/10/2009,0
16/10/2009,0
17/10/2009,0
18/10/2009,3.2
19/10/2009,3.8
20/10/2009,0
21/10/2009,0
22/10/2009,0
23/10/2009,0
24/10/2009,0
25/10/2009,0.4
26/10/2009,1.4
27/10/2009,0
28/10/2009,0
29/10/2009,0
30/10/2009,1.1
31/10/2009,0
01/11/2009,0
02/11/2009,0
03/11/2009,0
04/11/2009,0.5
05/11/2009,0
06/11/2009,0
07/11/2009,1.2
08/11/2009,0
09/11/2009,0
10/11/2009,0
11/11/2009,0.8
12/11/2009,0
13/11/2009,0
14/11/2009,0
15/11/2009,0.7
16/11/2009,0
17/11/2009,0
18/11/2009,0.1
19/11/2009,0.1
20/11/2009,3.5
21/11/2009,0
22/11/2009,0.1
23/11/2009,3
24/11/2009,0
25/11/2009,1.1
26/11/2009,0
27/11/2009,3.8
28/11/2009,8.2
29/11/2009,0
30/11/2009,2.3
01/12/2009,2
02/12/2009,0
03/12/2009,0
04/12/2009,2.3
05/12/2009,0
06/12/2009,0.5
07/12/2009,0
08/12/2009,0
09/12/2009,0
10/12/2009,0
11/12/2009,0
12/12/2009,2.1
13/12/2009,0.2
14/12/2009,0.3
15/12/2009,0
16/12/2009,0
17/12/2009,0
18/12/2009,0
19/12/2009,1.4
20/12/2009,0
21/12/2009,1.5
22/12/2009,1.5
23/12/2009,3
24/12/2009,0
25/12/2009,0.5
26/12/2009,1
27/12/2009,1
28/12/2009,3.2
29/12/2009,0
30/12/2009,0
31/12/2009,1
01/01/2010,0.5
02/01/2010,0
03/01/2010,0.8
04/01/2010,0
05/01/2010,0
06/01/2010,0
07/01/2010,0
08/01/2010,0
09/01/2010,0
10/01/2010,0
11/01/2010,3
12/01/2010,1.6
13/01/2010,0
14/01/2010,0
15/01/2010,0
16/01/2010,0.3
17/01/2010,0
18/01/2010,0.3
19/01/2010,0
20/01/2010,0
21/01/2010,0
22/01/2010,0
23/01/2010,0
24/01/2010,0
25/01/2010,0.5
26/01/2010,2.5
27/01/2010,1
28/01/2010,0
29/01/2010,0.8
30/01/2010,1.1
31/01/2010,2
01/02/2010,0
02/02/2010,4.5
03/02/2010,0
04/02/2010,2.4
05/02/2010,0.9
06/02/2010,0
07/02/2010,0
08/02/2010,0.6
09/02/2010,1
10/02/2010,0
11/02/2010,0
12/02/2010,0
13/02/2010,1.2
14/02/2010,1.9
15/02/2010,0
16/02/2010,0
17/02/2010,0
18/02/2010,0.7
19/02/2010,0
20/02/2010,0
21/02/2010,1
22/02/2010,0.2
23/02/2010,0
24/02/2010,0
25/02/2010,0
26/02/2010,4.8
27/02/2010,1.9
28/02/2010,0
01/03/2010,0
02/03/2010,0
03/03/2010,0
04/03/2010,0.7
05/03/2010,0
06/03/2010,0
07/03/2010,2.1
08/03/2010,2.4
09/03/2010,0
10/03/2010,0
11/03/2010,0
12/03/2010,1
13/03/2010,0.9
14/03/2010,0
15/03/2010,0
16/03/2010,0
17/03/2010,0
18/03/2010,0.2
19/03/2010,0.5
20/03/2010,0
21/03/2010,0
22/03/2010,1.7
23/03/2010,0
24/03/2010,0
25/03/2010,0
26/03/2010,0
27/03/2010,0.4
28/03/2010,2.1
29/03/2010,0.9
30/03/2010,1.3
31/03/2010,0
01/04/2010,0
02/04/2010,0
03/04/2010,0
04/04/2010,0
05/04/2010,0
06/04/2010,0
07/04/2010,0
08/04/2010,0
09/04/2010,0
10/04/2010,0
11/04/2010,0
12/04/2010,0
13/04/2010,0
14/04/2010,0
15/04/2010,0
16/04/2010,0
17/04/2010,0
18/04/2010,0
19/04/2010,0
20/04/2010,0
21/04/2010,0
22/04/2010,0
23/04/2010,0
24/04/2010,0
25/04/2010,0
26/04/2010,0
27/04/2010,0
28/04/2010,0
29/04/2010,0
30/04/2010,4.8
01/05/2010,7.9
02/05/2010,0
03/05/2010,0
04/05/2010,0
05/05/2010,0
06/05/2010,0
07/05/2010,0
08/05/2010,1.3
09/05/2010,0
10/05/2010,0
11/05/2010,1.6
12/05/2010,2.3
13/05/2010,4
14/05/2010,0
15/05/2010,0
16/05/2010,0
17/05/2010,6.1
18/05/2010,6.8
19/05/2010,0
20/05/2010,0
21/05/2010,0.4
22/05/2010,1.7
23/05/2010,0.5
24/05/2010,11.8
25/05/2010,4.6
26/05/2010,0.5
27/05/2010,0
28/05/2010,0
29/05/2010,0
30/05/2010,1.3
31/05/2010,0.2
01/06/2010,0
02/06/2010,2.3
03/06/2010,8.9
04/06/2010,0
05/06/2010,0
06/06/2010,0
07/06/2010,0
08/06/2010,0
09/06/2010,0
10/06/2010,0
11/06/2010,0
12/06/2010,0
13/06/2010,0
14/06/2010,0
15/06/2010,0
16/06/2010,0
17/06/2010,0
18/06/2010,10.3
19/06/2010,23.8
20/06/2010,14.6
21/06/2010,0
22/06/2010,0
23/06/2010,0
24/06/2010,0
25/06/2010,0.4
26/06/2010,8.2
27/06/2010,0.8
28/06/2010,0
29/06/2010,0
30/06/2010,8.7
01/07/2010,0
02/07/2010,0
03/07/2010,0
04/07/2010,5.8
05/07/2010,4.3
06/07/2010,0.3
07/07/2010,0
08/07/2010,6.6
09/07/2010,12.8
10/07/2010,1.6
11/07/2010,0
12/07/2010,0
13/07/2010,12.2
14/07/2010,5.2
15/07/2010,0
16/07/2010,2.3
17/07/2010,2.8
18/07/2010,11.9
19/07/2010,0
20/07/2010,0
21/07/2010,22.6
22/07/2010,8.8
23/07/2010,0
24/07/2010,0
25/07/2010,0
26/07/2010,0
27/07/2010,19.1
28/07/2010,0.9
29/07/2010,0.3
30/07/2010,0
31/07/2010,0
01/08/2010,6.4
02/08/2010,1.7
03/08/2010,0
04/08/2010,4.4
05/08/2010,0
06/08/2010,0
07/08/2010,0.6
08/08/2010,0
09/08/2010,0
10/08/2010,0
11/08/2010,0
12/08/2010,0
13/08/2010,0
14/08/2010,0.6
15/08/2010,0
16/08/2010,0
17/08/2010,0
18/08/2010,0.3
19/08/2010,0
20/08/2010,0
21/08/2010,0
22/08/2010,4.8
23/08/2010,0
24/08/2010,0
25/08/2010,0
26/08/2010,0
27/08/2010,0
28/08/2010,0
29/08/2010,0
30/08/2010,0
31/08/2010,0.8
01/09/2010,2.1
02/09/2010,0
03/09/2010,0
04/09/2010,2.8
05/09/2010,0
06/09/2010,0
07/09/2010,0
08/09/2010,0
09/09/2010,0
10/09/2010,0
11/09/2010,0
12/09/2010,0.5
13/09/2010,0
14/09/2010,1.4
15/09/2010,2.7
16/09/2010,4.2
17/09/2010,0
18/09/2010,0
19/09/2010,0
20/09/2010,0
21/09/2010,0
22/09/2010,0
23/09/2010,0.3
24/09/2010,0
25/09/2010,0
26/09/2010,0
27/09/2010,0.2
28/09/2010,2.6
29/09/2010,0
30/09/2010,0
01/10/2010,0
02/10/2010,0
03/10/2010,0
04/10/2010,0
05/10/2010,0
06/10/2010,0
07/10/2010,0
08/10/2010,2.6
09/10/2010,1.7
10/10/2010,0.2
11/10/2010,0.7
12/10/2010,0
13/10/2010,0
14/10/2010,0.1
15/10/2010,0
16/10/2010,0
17/10/2010,0
18/10/2010,0
19/10/2010,6.7
20/10/2010,18.1
21/10/2010,13
22/10/2010,0
23/10/2010,3.3
24/10/2010,0
25/10/2010,0
26/10/2010,0
27/10/2010,2.2
28/10/2010,2.3
29/10/2010,0
30/10/2010,6
31/10/2010,0
01/11/2010,0.5
02/11/2010,0.4
03/11/2010,0
04/11/2010,0
05/11/2010,0.6
06/11/2010,0.7
07/11/2010,0
08/11/2010,1.8
09/11/2010,0
10/11/2010,3.5
11/11/2010,3.1
12/11/2010,3.3
13/11/2010,0
14/11/2010,0
15/11/2010,0
16/11/2010,0
17/11/2010,0
18/11/2010,1
19/11/2010,1.5
20/11/2010,0
21/11/2010,0
22/11/2010,0.4
23/11/2010,0
24/11/2010,0
25/11/2010,0
26/11/2010,0
27/11/2010,0
28/11/2010,0
29/11/2010,0
30/11/2010,0
01/12/2010,0
02/12/2010,0
03/12/2010,0
04/12/2010,1.2
05/12/2010,0
06/12/2010,3.9
07/12/2010,0.4
08/12/2010,0
09/12/2010,2.4
10/12/2010,0.4
11/12/2010,1.2
12/12/2010,0
13/12/2010,0
14/12/2010,0
15/12/2010,0.9
16/12/2010,2.8
17/12/2010,1.2
18/12/2010,0
19/12/2010,0
20/12/2010,1
21/12/2010,0
22/12/2010,1.2
23/12/2010,0
24/12/2010,0
25/12/2010,0
26/12/2010,0
27/12/2010,0
28/12/2010,0
29/12/2010,0
30/12/2010,0
31/12/2010,0
01/01/2011,1
02/01/2011,0
03/01/2011,0
04/01/2011,0
05/01/2011,0.8
06/01/2011,0
07/01/2011,1.2
08/01/2011,0
09/01/2011,3.3
10/01/2011,1.2
11/01/2011,0.3
12/01/2011,0.8
13/01/2011,0
14/01/2011,0
15/01/2011,0.2
16/01/2011,0.4
17/01/2011,0
18/01/2011,0
19/01/2011,0
20/01/2011,0
21/01/2011,0
22/01/2011,0
23/01/2011,0
24/01/2011,0
25/01/2011,0
26/01/2011,0.3
27/01/2011,0
28/01/2011,5.9
29/01/2011,1.8
30/01/2011,0
31/01/2011,0.5
01/02/2011,1.1
02/02/2011,3.1
03/02/2011,5.3
04/02/2011,2.5
05/02/2011,2.5
06/02/2011,1.2
07/02/2011,1
08/02/2011,0
09/02/2011,0
10/02/2011,0.9
11/02/2011,0.7
12/02/2011,0
13/02/2011,0
14/02/2011,0
15/02/2011,0
16/02/2011,0
17/02/2011,0
18/02/2011,0
19/02/2011,0
20/02/2011,0
21/02/2011,0
22/02/2011,1
23/02/2011,0
24/02/2011,0.4
25/02/2011,0
26/02/2011,0
27/02/2011,0.4
28/02/2011,0
01/03/2011,1.1
02/03/2011,1.7
03/03/2011,2.1
04/03/2011,0.3
05/03/2011,0
06/03/2011,0
07/03/2011,0
08/03/2011,0
09/03/2011,0.5
10/03/2011,0
11/03/2011,0
12/03/2011,0
13/03/2011,0
14/03/2011,0
15/03/2011,0
16/03/2011,0
17/03/2011,0
18/03/2011,0.3
19/03/2011,0
20/03/2011,1.3
21/03/2011,1
22/03/2011,0
23/03/2011,0.7
24/03/2011,0
25/03/2011,0.7
26/03/2011,0
27/03/2011,0
28/03/2011,0
29/03/2011,0
30/03/2011,0
31/03/2011,0
01/04/2011,0.3
02/04/2011,0.3
03/04/2011,0
04/04/2011,0
05/04/2011,0
06/04/2011,0
07/04/2011,0
08/04/2011,0
09/04/2011,0
10/04/2011,0.1
11/04/2011,0
12/04/2011,0
13/04/2011,0
14/04/2011,0
15/04/2011,0
16/04/2011,0
17/04/2011,0
18/04/2011,0
19/04/2011,0
20/04/2011,0
21/04/2011,0
22/04/2011,0
23/04/2011,0
24/04/2011,0
25/04/2011,1.2
26/04/2011,0
27/04/2011,0
28/04/2011,0
29/04/2011,0
30/04/2011,0
01/05/2011,0
02/05/2011,0
03/05/2011,0
04/05/2011,0
05/05/2011,0
06/05/2011,0
07/05/2011,0
08/05/2011,0
09/05/2011,0
10/05/2011,0
11/05/2011,0
12/05/2011,0
13/05/2011,0
14/05/2011,0
15/05/2011,0
16/05/2011,3.7
17/05/2011,2
18/05/2011,0
19/05/2011,0.3
20/05/2011,0
21/05/2011,8.6
22/05/2011,0.3
23/05/2011,6.9
24/05/2011,1.4
25/05/2011,0
26/05/2011,0
27/05/2011,0
28/05/2011,0
29/05/2011,0
30/05/2011,0
31/05/2011,0
01/06/2011,0
02/06/2011,0
03/06/2011,0
04/06/2011,3.3
05/06/2011,0
06/06/2011,4.7
07/06/2011,9.3
08/06/2011,0
09/06/2011,0
10/06/2011,0
11/06/2011,0
12/06/2011,0
13/06/2011,0
14/06/2011,0
15/06/2011,0
16/06/2011,0
17/06/2011,0
18/06/2011,0
19/06/2011,5.2
20/06/2011,8
21/06/2011,15
22/06/2011,4.2
23/06/2011,0
24/06/2011,0.3
25/06/2011,0
26/06/2011,0
27/06/2011,3.6
28/06/2011,0.4
29/06/2011,5.7
30/06/2011,0
01/07/2011,0
02/07/2011,0
03/07/2011,0
04/07/2011,0
05/07/2011,0
06/07/2011,0
07/07/2011,1.8
08/07/2011,0
09/07/2011,19.5
10/07/2011,8
11/07/2011,1
12/07/2011,1.9
13/07/2011,0.3
14/07/2011,0
15/07/2011,0
16/07/2011,2.7
17/07/2011,3.3
18/07/2011,1.2
19/07/2011,4.1
20/07/2011,0.4
21/07/2011,0
22/07/2011,0
23/07/2011,5
24/07/2011,6
25/07/2011,0
26/07/2011,4.4
27/07/2011,0
28/07/2011,0
29/07/2011,0
30/07/2011,0
31/07/2011,0
01/08/2011,0
02/08/2011,0.6
03/08/2011,0
04/08/2011,0
05/08/2011,0
06/08/2011,1.6
07/08/2011,3
08/08/2011,0
09/08/2011,1
10/08/2011,4.8
11/08/2011,0
12/08/2011,0
13/08/2011,0
14/08/2011,0
15/08/2011,0
16/08/2011,0
17/08/2011,0
18/08/2011,0
19/08/2011,2.6
20/08/2011,0
21/08/2011,0
22/08/2011,1.8
23/08/2011,17.4
24/08/2011,3.1
25/08/2011,0
26/08/2011,7
27/08/2011,6.4
28/08/2011,5.4
29/08/2011,15
30/08/2011,0.6
31/08/2011,0
01/09/2011,0
02/09/2011,0
03/09/2011,0
04/09/2011,1.4
05/09/2011,1.8
06/09/2011,1.8
07/09/2011,0.6
08/09/2011,2.1
09/09/2011,5.6
10/09/2011,16.3
11/09/2011,1
12/09/2011,7.6
13/09/2011,1.5
14/09/2011,4.5
15/09/2011,2.1
16/09/2011,0
17/09/2011,0
18/09/2011,0
19/09/2011,0
20/09/2011,2.4
21/09/2011,0.5
22/09/2011,1.6
23/09/2011,1.2
24/09/2011,0
25/09/2011,0
26/09/2011,2.5
27/09/2011,2.6
28/09/2011,0
29/09/2011,0
30/09/2011,1
01/10/2011,1.8
02/10/2011,1.2
03/10/2011,0
04/10/2011,5.7
05/10/2011,0
06/10/2011,10.3
07/10/2011,6.8
08/10/2011,0
09/10/2011,0.7
10/10/2011,0.2
11/10/2011,0
12/10/2011,0
13/10/2011,0.7
14/10/2011,0
15/10/2011,0
16/10/2011,1
17/10/2011,1.1
18/10/2011,7
19/10/2011,3.5
20/10/2011,0
21/10/2011,0
22/10/2011,0
23/10/2011,2.2
24/10/2011,0
25/10/2011,0
26/10/2011,0
27/10/2011,0
28/10/2011,2.2
29/10/2011,0
30/10/2011,0.3
31/10/2011,2.5
01/11/2011,2.5
02/11/2011,1.4
03/11/2011,0
04/11/2011,0.7
05/11/2011,0.8
06/11/2011,0.7
07/11/2011,1.3
08/11/2011,0
09/11/2011,0
10/11/2011,0
11/11/2011,0
12/11/2011,0
13/11/2011,0
14/11/2011,0.2
15/11/2011,0
16/11/2011,0
17/11/2011,0
18/11/2011,1.4
19/11/2011,0
20/11/2011,0
21/11/2011,0
22/11/2011,0
23/11/2011,0
24/11/2011,0
25/11/2011,0.5
26/11/2011,0
27/11/2011,0
28/11/2011,0
29/11/2011,0.4
30/11/2011,0
01/12/2011,0.2
02/12/2011,1.8
03/12/2011,0.3
04/12/2011,0.4
05/12/2011,0.9
06/12/2011,0
07/12/2011,0
08/12/2011,0.2
09/12/2011,0.7
10/12/2011,4.5
11/12/2011,0.6
12/12/2011,0.3
13/12/2011,3
14/12/2011,2.5
15/12/2011,0
16/12/2011,0.6
17/12/2011,0.5
18/12/2011,0.8
19/12/2011,0.7
20/12/2011,1.5
21/12/2011,0.2
22/12/2011,0.3
23/12/2011,2.1
24/12/2011,0
25/12/2011,0
26/12/2011,0.2
27/12/2011,0
28/12/2011,0
29/12/2011,0
30/12/2011,0.4
31/12/2011,0.5
01/01/2012,0.6
02/01/2012,2
03/01/2012,2
04/01/2012,0.8
05/01/2012,2.4
06/01/2012,0
07/01/2012,1.1
08/01/2012,0
09/01/2012,0
10/01/2012,1.2
11/01/2012,0.6
12/01/2012,0
13/01/2012,0
14/01/2012,0.8
15/01/2012,0
16/01/2012,0
17/01/2012,0.7
18/01/2012,1.4
19/01/2012,1.6
20/01/2012,1.2
21/01/2012,0.1
22/01/2012,0.1
23/01/2012,0.2
24/01/2012,0.4
25/01/2012,0.6
26/01/2012,1
27/01/2012,0.5
28/01/2012,0.4
29/01/2012,0.6
30/01/2012,0.8
31/01/2012,0
01/02/2012,0
02/02/2012,0
03/02/2012,0
04/02/2012,0
05/02/2012,0
06/02/2012,0
07/02/2012,0
08/02/2012,0.3
09/02/2012,0
10/02/2012,0
11/02/2012,0
12/02/2012,0
13/02/2012,1.4
14/02/2012,2.7
15/02/2012,0
16/02/2012,0
17/02/2012,0
18/02/2012,3.7
19/02/2012,5
20/02/2012,0.5
21/02/2012,0
22/02/2012,1.2
23/02/2012,0
24/02/2012,0.5
25/02/2012,0
26/02/2012,0
27/02/2012,1.6
28/02/2012,0.9
29/02/2012,0.5
01/03/2012,0
02/03/2012,0
03/03/2012,0
04/03/2012,0
05/03/2012,0.9
06/03/2012,0.6
07/03/2012,0
08/03/2012,0
09/03/2012,0
10/03/2012,0.2
11/03/2012,0.5
12/03/2012,1.6
13/03/2012,0
14/03/2012,0
15/03/2012,0.3
16/03/2012,0
17/03/2012,0
18/03/2012,0
19/03/2012,0
20/03/2012,0
21/03/2012,1.2
22/03/2012,0
23/03/2012,0
24/03/2012,0
25/03/2012,2.1
26/03/2012,11.6
27/03/2012,0.1
28/03/2012,0.7
29/03/2012,0
30/03/2012,0
31/03/2012,0
01/04/2012,0
02/04/2012,0
03/04/2012,0
04/04/2012,0
05/04/2012,0
06/04/2012,0
07/04/2012,0
08/04/2012,0
09/04/2012,0
10/04/2012,3
11/04/2012,2.3
12/04/2012,0.8
13/04/2012,1
14/04/2012,0
15/04/2012,0
16/04/2012,0
17/04/2012,0
18/04/2012,0
19/04/2012,0
20/04/2012,0.4
21/04/2012,0
22/04/2012,0.4
23/04/2012,3.4
24/04/2012,0
25/04/2012,0
26/04/2012,0.6
27/04/2012,1.2
28/04/2012,0
29/04/2012,0.4
30/04/2012,0
01/05/2012,0
02/05/2012,0.5
03/05/2012,0
04/05/2012,0.3
05/05/2012,2
06/05/2012,4.5
07/05/2012,0
08/05/2012,0
09/05/2012,0.2
10/05/2012,0
11/05/2012,0
12/05/2012,0.2
13/05/2012,0.4
14/05/2012,2.2
15/05/2012,0
16/05/2012,0
17/05/2012,6.1
18/05/2012,7.7
19/05/2012,0
20/05/2012,0
21/05/2012,0
22/05/2012,0
23/05/2012,0
24/05/2012,0.8
25/05/2012,0
26/05/2012,0
27/05/2012,0
28/05/2012,0.6
29/05/2012,0
30/05/2012,0.5
31/05/2012,0
01/06/2012,11.4
02/06/2012,0
03/06/2012,0
04/06/2012,0
05/06/2012,0
06/06/2012,0
07/06/2012,0
08/06/2012,0
09/06/2012,0
10/06/2012,0.8
11/06/2012,0
12/06/2012,9.2
13/06/2012,0
14/06/2012,3.6
15/06/2012,1.2
16/06/2012,0
17/06/2012,3.5
18/06/2012,20.2
19/06/2012,13.8
20/06/2012,4.4
21/06/2012,0
22/06/2012,0
23/06/2012,0
24/06/2012,2
25/06/2012,0.8
26/06/2012,3.1
27/06/2012,0
28/06/2012,0
29/06/2012,0.5
30/06/2012,0
01/07/2012,4.8
02/07/2012,14.4
03/07/2012,0
04/07/2012,0
05/07/2012,0.5
06/07/2012,0.6
07/07/2012,0
08/07/2012,0
09/07/2012,0
10/07/2012,0
11/07/2012,9.5
12/07/2012,0.5
13/07/2012,2.8
14/07/2012,12.5
15/07/2012,0
16/07/2012,0
17/07/2012,0
18/07/2012,4.7
19/07/2012,5.4
20/07/2012,0
21/07/2012,0
22/07/2012,0
23/07/2012,0
24/07/2012,0.4
25/07/2012,0
26/07/2012,0
27/07/2012,0
28/07/2012,2.1
29/07/2012,4.2
30/07/2012,1.8
31/07/2012,2.5
01/08/2012,0
02/08/2012,0
03/08/2012,0
04/08/2012,0
05/08/2012,11.6
06/08/2012,0.9
07/08/2012,0.6
08/08/2012,2.1
09/08/2012,0
10/08/2012,0
11/08/2012,0
12/08/2012,0
13/08/2012,0
14/08/2012,0
15/08/2012,2.2
16/08/2012,0
17/08/2012,0.2
18/08/2012,0.9
19/08/2012,0
20/08/2012,0
21/08/2012,0.6
22/08/2012,1.1
23/08/2012,0
24/08/2012,0
25/08/2012,0
26/08/2012,21.4
27/08/2012,18.7
28/08/2012,0.4
29/08/2012,0
30/08/2012,0.5
31/08/2012,5.7
01/09/2012,0
02/09/2012,3.3
03/09/2012,0
04/09/2012,8.6
05/09/2012,3.7
06/09/2012,0
07/09/2012,0
08/09/2012,0
09/09/2012,0
10/09/2012,1.7
11/09/2012,0.8
12/09/2012,9.6
13/09/2012,0.1
14/09/2012,3.3
15/09/2012,1.3
16/09/2012,0
17/09/2012,12.6
18/09/2012,0
19/09/2012,0
20/09/2012,0.6
21/09/2012,0
22/09/2012,0
23/09/2012,0
24/09/2012,0
25/09/2012,0
26/09/2012,0
27/09/2012,0
28/09/2012,0
29/09/2012,0
30/09/2012,6.1
01/10/2012,0
02/10/2012,0
03/10/2012,0
04/10/2012,12.3
05/10/2012,2
06/10/2012,2.6
07/10/2012,1.4
08/10/2012,1.6
09/10/2012,2.7
10/10/2012,0
11/10/2012,0
12/10/2012,0
13/10/2012,0.5
14/10/2012,0
15/10/2012,0.8
16/10/2012,0
17/10/2012,0
18/10/2012,0
19/10/2012,0
20/10/2012,0
21/10/2012,0
22/10/2012,0
23/10/2012,10.2
24/10/2012,1
25/10/2012,0
26/10/2012,0
27/10/2012,0
28/10/2012,0
29/10/2012,2.9
30/10/2012,4.2
31/10/2012,1.4
01/11/2012,0.5
02/11/2012,1.4
03/11/2012,1.5
04/11/2012,7.8
05/11/2012,0.1
06/11/2012,0
07/11/2012,0
08/11/2012,0
09/11/2012,0
10/11/2012,0
11/11/2012,5
12/11/2012,1.3
13/11/2012,0
14/11/2012,2.3
15/11/2012,0
16/11/2012,0.3
17/11/2012,1.9
18/11/2012,1.9
19/11/2012,0
20/11/2012,0.8
21/11/2012,0
22/11/2012,0
23/11/2012,1
24/11/2012,0.2
25/11/2012,0.3
26/11/2012,0.5
27/11/2012,0.4
28/11/2012,0.2
29/11/2012,0
30/11/2012,0.2
01/12/2012,0.2
02/12/2012,2.3
03/12/2012,3.6
04/12/2012,0.5
05/12/2012,0.2
06/12/2012,0.2
07/12/2012,1.9
08/12/2012,1.9
09/12/2012,1.3
10/12/2012,0.1
11/12/2012,0
12/12/2012,0.8
13/12/2012,3.1
14/12/2012,0.7
15/12/2012,0.5
16/12/2012,0.3
17/12/2012,1
18/12/2012,0.6
19/12/2012,0.3
20/12/2012,0.5
21/12/2012,0.1
22/12/2012,0
23/12/2012,0
24/12/2012,0
25/12/2012,0
26/12/2012,1.3
27/12/2012,2
28/12/2012,0
29/12/2012,4.6
30/12/2012,3.3
31/12/2012,0.4
01/01/2013,0.8
02/01/2013,0
03/01/2013,0
04/01/2013,0
05/01/2013,0
06/01/2013,1.4
07/01/2013,0
08/01/2013,1.3
09/01/2013,0.3
10/01/2013,0
11/01/2013,0
12/01/2013,0
13/01/2013,0.4
14/01/2013,1.8
15/01/2013,0.1
16/01/2013,0
17/01/2013,0
18/01/2013,0.9
19/01/2013,0.9
20/01/2013,0
21/01/2013,0
22/01/2013,0.9
23/01/2013,1
24/01/2013,0
25/01/2013,0
26/01/2013,2.1
27/01/2013,0
28/01/2013,7
29/01/2013,0
30/01/2013,6.6
31/01/2013,1.1
01/02/2013,1
02/02/2013,0.6
03/02/2013,2
04/02/2013,3.7
05/02/2013,0.7
06/02/2013,0
07/02/2013,0
08/02/2013,0
09/02/2013,0
10/02/2013,0.2
11/02/2013,0
12/02/2013,0.2
13/02/2013,0
14/02/2013,0
15/02/2013,0
16/02/2013,0
17/02/2013,0.6
18/02/2013,0
19/02/2013,0
20/02/2013,1
21/02/2013,2.5
22/02/2013,0
23/02/2013,0
24/02/2013,0
25/02/2013,0.2
26/02/2013,3.3
27/02/2013,0.7
28/02/2013,4.3
01/03/2013,0
02/03/2013,1.4
03/03/2013,0.6
04/03/2013,0.2
05/03/2013,1.1
06/03/2013,0.3
07/03/2013,0.8
08/03/2013,0
09/03/2013,0
10/03/2013,0.4
11/03/2013,0.4
12/03/2013,0
13/03/2013,0.7
14/03/2013,0
15/03/2013,0.3
16/03/2013,0
17/03/2013,0.3
18/03/2013,0
19/03/2013,0
20/03/2013,0.2
21/03/2013,0
22/03/2013,0
23/03/2013,0
24/03/2013,0.7
25/03/2013,0
26/03/2013,0
27/03/2013,0
28/03/2013,0
29/03/2013,0
30/03/2013,0
31/03/2013,0.4
01/04/2013,0
02/04/2013,0
03/04/2013,0.3
04/04/2013,0
05/04/2013,0
06/04/2013,0
07/04/2013,0.5
08/04/2013,0
09/04/2013,0
10/04/2013,0
11/04/2013,0
12/04/2013,0
13/04/2013,0
14/04/2013,0.8
15/04/2013,0.4
16/04/2013,0
17/04/2013,0
18/04/2013,5.3
19/04/2013,0.3
20/04/2013,1
21/04/2013,0
22/04/2013,0
23/04/2013,0.3
24/04/2013,0
25/04/2013,0
26/04/2013,0
27/04/2013,0
28/04/2013,0.2
29/04/2013,1.2
30/04/2013,0.3
01/05/2013,0
02/05/2013,0
03/05/2013,1.8
04/05/2013,5.2
05/05/2013,0
06/05/2013,0
07/05/2013,0
08/05/2013,0
09/05/2013,0
10/05/2013,0
11/05/2013,0
12/05/2013,3.8
13/05/2013,15.4
14/05/2013,9.2
15/05/2013,0
16/05/2013,0
17/05/2013,0
18/05/2013,0.8
19/05/2013,0
20/05/2013,0
21/05/2013,0
22/05/2013,0
23/05/2013,0
24/05/2013,0
25/05/2013,0
26/05/2013,0
27/05/2013,0
28/05/2013,0
29/05/2013,0
30/05/2013,0
31/05/2013,0
01/06/2013,1.4
02/06/2013,2
03/06/2013,3.5
04/06/2013,0
05/06/2013,0
06/06/2013,0
07/06/2013,5.2
08/06/2013,0.3
09/06/2013,2
10/06/2013,0.8
11/06/2013,0
12/06/2013,0
13/06/2013,0
14/06/2013,0
15/06/2013,0
16/06/2013,5.3
17/06/2013,15.6
18/06/2013,0.8
19/06/2013,0
20/06/2013,1.4
21/06/2013,0
22/06/2013,3
23/06/2013,2.7
24/06/2013,5.7
25/06/2013,0.4
26/06/2013,0
27/06/2013,0
28/06/2013,0.4
29/06/2013,0.8
30/06/2013,1.8
01/07/2013,20.5
02/07/2013,1.6
03/07/2013,0.7
04/07/2013,0
05/07/2013,0
06/07/2013,0
07/07/2013,0.6
08/07/2013,0.5
09/07/2013,3.7
10/07/2013,0
11/07/2013,0.5
12/07/2013,0.1
13/07/2013,20.6
14/07/2013,0.3
15/07/2013,1.6
16/07/2013,0
17/07/2013,0
18/07/2013,16
19/07/2013,0
20/07/2013,2.7
21/07/2013,0
22/07/2013,0
23/07/2013,0
24/07/2013,0
25/07/2013,0
26/07/2013,0
27/07/2013,3.1
28/07/2013,11.6
29/07/2013,0
30/07/2013,1
31/07/2013,0.4
01/08/2013,4.6
02/08/2013,7.3
03/08/2013,0
04/08/2013,3.8
05/08/2013,0.6
06/08/2013,0
07/08/2013,3.1
08/08/2013,0
09/08/2013,0
10/08/2013,0
11/08/2013,0.2
12/08/2013,7.8
13/08/2013,0.2
14/08/2013,0
15/08/2013,2.2
16/08/2013,0
17/08/2013,15.5
18/08/2013,0.2
19/08/2013,5.2
20/08/2013,0.7
21/08/2013,0
22/08/2013,0
23/08/2013,0
24/08/2013,0
25/08/2013,0
26/08/2013,0
27/08/2013,0
28/08/2013,0.5
29/08/2013,0
30/08/2013,0
31/08/2013,0
01/09/2013,0.3
02/09/2013,0
03/09/2013,1.1
04/09/2013,0
05/09/2013,0
06/09/2013,2.1
07/09/2013,0
08/09/2013,0
09/09/2013,0
10/09/2013,0.2
11/09/2013,0.8
12/09/2013,0
13/09/2013,0
14/09/2013,0
15/09/2013,0
16/09/2013,0.3
17/09/2013,0.7
18/09/2013,1.8
19/09/2013,4.4
20/09/2013,0.2
21/09/2013,2.1
22/09/2013,2.8
23/09/2013,0.6
24/09/2013,0.6
25/09/2013,0.4
26/09/2013,2.3
27/09/2013,0
28/09/2013,0.5
29/09/2013,0
30/09/2013,0
01/10/2013,1.5
02/10/2013,0
03/10/2013,0
04/10/2013,0.2
05/10/2013,6.5
06/10/2013,0
07/10/2013,0
08/10/2013,0
09/10/2013,11.8
10/10/2013,0.2
11/10/2013,0.1
12/10/2013,0
13/10/2013,0.2
14/10/2013,0
15/10/2013,4.1
16/10/2013,0
17/10/2013,0
18/10/2013,0
19/10/2013,0.5
20/10/2013,0
21/10/2013,0
22/10/2013,0
23/10/2013,1
24/10/2013,1
25/10/2013,0.4
26/10/2013,5.2
27/10/2013,1.1
28/10/2013,7.4
29/10/2013,2.9
30/10/2013,0.1
31/10/2013,0
01/11/2013,0.7
02/11/2013,0
03/11/2013,0
04/11/2013,2.3
05/11/2013,7.1
06/11/2013,0.9
07/11/2013,1.3
08/11/2013,0.6
09/11/2013,0
10/11/2013,0
11/11/2013,0.4
12/11/2013,0
13/11/2013,0.3
14/11/2013,0
15/11/2013,2.2
16/11/2013,3.7
17/11/2013,1.3
18/11/2013,0
19/11/2013,0
20/11/2013,0
21/11/2013,0
22/11/2013,0
23/11/2013,0
24/11/2013,3.4
25/11/2013,0.3
26/11/2013,2.2
27/11/2013,6.4
28/11/2013,0
29/11/2013,1.9
30/11/2013,0
01/12/2013,0
02/12/2013,0.5
03/12/2013,5.8
04/12/2013,3.3
05/12/2013,1.2
06/12/2013,0.1
07/12/2013,0
08/12/2013,0
09/12/2013,0
10/12/2013,5.2
11/12/2013,0.7
12/12/2013,0
13/12/2013,0.7
14/12/2013,0
15/12/2013,0.2
16/12/2013,0.1
17/12/2013,0
18/12/2013,0
19/12/2013,1.1
20/12/2013,4.4
21/12/2013,0.6
22/12/2013,0.7
23/12/2013,0
24/12/2013,4.9
25/12/2013,6.8
26/12/2013,0
27/12/2013,1.8
28/12/2013,0.6
29/12/2013,0.5
30/12/2013,2.4
31/12/2013,2.2
01/01/2014,0.6
02/01/2014,0.2
03/01/2014,0.2
04/01/2014,0.2
05/01/2014,0
06/01/2014,1.2
07/01/2014,3.6
08/01/2014,3.1
09/01/2014,0.2
10/01/2014,0
11/01/2014,0
12/01/2014,0.7
13/01/2014,0.1
14/01/2014,0.9
15/01/2014,0
16/01/2014,0
17/01/2014,0.9
18/01/2014,0
19/01/2014,0
20/01/2014,0
21/01/2014,0
22/01/2014,0
23/01/2014,0
24/01/2014,0
25/01/2014,0
26/01/2014,0
27/01/2014,0.7
28/01/2014,0
29/01/2014,0
30/01/2014,0.2
31/01/2014,0.2
01/02/2014,0.2
02/02/2014,0.6
03/02/2014,0.4
04/02/2014,0
05/02/2014,0
06/02/2014,0.6
07/02/2014,0.5
08/02/2014,1.3
09/02/2014,0.6
10/02/2014,0.3
11/02/2014,1.1
12/02/2014,0.8
13/02/2014,0.5
14/02/2014,0.2
15/02/2014,1.1
16/02/2014,2.3
17/02/2014,1.6
18/02/2014,5.4
19/02/2014,3.3
20/02/2014,0.6
21/02/2014,4.1
22/02/2014,0.4
23/02/2014,0
24/02/2014,0
25/02/2014,0
26/02/2014,0
27/02/2014,0
28/02/2014,0
01/03/2014,0.8
02/03/2014,0.3
03/03/2014,0
04/03/2014,0
05/03/2014,0.1
06/03/2014,0
07/03/2014,2.4
08/03/2014,2.5
09/03/2014,0
10/03/2014,0.3
11/03/2014,0.7
12/03/2014,0.7
13/03/2014,4.1
14/03/2014,4.1
15/03/2014,0.3
16/03/2014,0
17/03/2014,0
18/03/2014,0
19/03/2014,0
20/03/2014,2.2
21/03/2014,2.7
22/03/2014,0.7
23/03/2014,1.7
24/03/2014,0.4
25/03/2014,0
26/03/2014,0
27/03/2014,0
28/03/2014,0
29/03/2014,0
30/03/2014,0.9
31/03/2014,0
01/04/2014,0
02/04/2014,0.7
03/04/2014,0
04/04/2014,0.7
05/04/2014,0
06/04/2014,0
07/04/2014,0
08/04/2014,0
09/04/2014,0
10/04/2014,1.1
11/04/2014,0
12/04/2014,0.8
13/04/2014,0
14/04/2014,0
15/04/2014,0
16/04/2014,0
17/04/2014,0
18/04/2014,0
19/04/2014,0.1
20/04/2014,0
21/04/2014,1.1
22/04/2014,0
23/04/2014,0
24/04/2014,0
25/04/2014,0
26/04/2014,0
27/04/2014,2.2
28/04/2014,6
29/04/2014,0
30/04/2014,0
01/05/2014,0
02/05/2014,0
03/05/2014,0.3
04/05/2014,0
05/05/2014,0
06/05/2014,0.1
07/05/2014,0
08/05/2014,0
09/05/2014,0
10/05/2014,0
11/05/2014,0
12/05/2014,0
13/05/2014,0
14/05/2014,0
15/05/2014,0
16/05/2014,0
17/05/2014,0
18/05/2014,0
19/05/2014,0
20/05/2014,0.1
21/05/2014,7.1
22/05/2014,3.6
23/05/2014,2.7
24/05/2014,0
25/05/2014,0
26/05/2014,0
27/05/2014,0
28/05/2014,0
29/05/2014,0
30/05/2014,0
31/05/2014,0
01/06/2014,0
02/06/2014,0
03/06/2014,0
04/06/2014,0
05/06/2014,0
06/06/2014,2.6
07/06/2014,14.9
08/06/2014,7.6
09/06/2014,1.3
10/06/2014,1.3
11/06/2014,0
12/06/2014,0
13/06/2014,0
14/06/2014,0
15/06/2014,0
16/06/2014,0.4
17/06/2014,0.6
18/06/2014,0
19/06/2014,0
20/06/2014,3.3
21/06/2014,1.3
22/06/2014,5
23/06/2014,0
24/06/2014,0
25/06/2014,0
26/06/2014,0
27/06/2014,0
28/06/2014,0
29/06/2014,0
30/06/2014,0
01/07/2014,0
02/07/2014,0.6
03/07/2014,12.7
04/07/2014,1.9
05/07/2014,0
06/07/2014,0
07/07/2014,0
08/07/2014,0
09/07/2014,0
10/07/2014,0.6
11/07/2014,0
12/07/2014,0
13/07/2014,7.9
14/07/2014,0
15/07/2014,7.1
16/07/2014,5.1
17/07/2014,6
18/07/2014,0
19/07/2014,0
20/07/2014,0
21/07/2014,0
22/07/2014,0
23/07/2014,0
24/07/2014,0
25/07/2014,0
26/07/2014,0
27/07/2014,13.2
28/07/2014,2.8
29/07/2014,0
30/07/2014,2
31/07/2014,0
01/08/2014,0
02/08/2014,0
03/08/2014,0.2
04/08/2014,12.2
05/08/2014,8.3
06/08/2014,0
07/08/2014,9.3
08/08/2014,0
09/08/2014,0.4
10/08/2014,0
11/08/2014,0
12/08/2014,43.6
13/08/2014,0.6
14/08/2014,0
15/08/2014,1.5
16/08/2014,4.3
17/08/2014,1.6
18/08/2014,2.4
19/08/2014,7.8
20/08/2014,0
21/08/2014,1.3
22/08/2014,0
23/08/2014,0
24/08/2014,0
25/08/2014,0
26/08/2014,0
27/08/2014,0
28/08/2014,0
29/08/2014,0
30/08/2014,0
31/08/2014,0
01/09/2014,0
02/09/2014,0
03/09/2014,0
04/09/2014,2.8
05/09/2014,0
06/09/2014,0
07/09/2014,0
08/09/2014,0.8
09/09/2014,0.5
10/09/2014,0.4
11/09/2014,0
12/09/2014,0
13/09/2014,0
14/09/2014,0
15/09/2014,0
16/09/2014,0
17/09/2014,0
18/09/2014,0
19/09/2014,1.5
20/09/2014,2.4
21/09/2014,0
22/09/2014,0
23/09/2014,0
24/09/2014,5.3
25/09/2014,0
26/09/2014,1.8
27/09/2014,0.2
28/09/2014,1.1
29/09/2014,0
30/09/2014,0
01/10/2014,0
02/10/2014,0
03/10/2014,0
04/10/2014,0
05/10/2014,0
06/10/2014,0
07/10/2014,0
08/10/2014,0.3
09/10/2014,0
10/10/2014,0
11/10/2014,0
12/10/2014,0
13/10/2014,0.5
14/10/2014,0.3
15/10/2014,0
16/10/2014,0
17/10/2014,0
18/10/2014,0
19/10/2014,0
20/10/2014,0
21/10/2014,0.1
22/10/2014,0
23/10/2014,0
24/10/2014,1.1
25/10/2014,1.9
26/10/2014,1
27/10/2014,0.6
28/10/2014,0.6
29/10/2014,0.4
30/10/2014,0
31/10/2014,0
01/11/2014,0.5
02/11/2014,0
03/11/2014,5.6
04/11/2014,0.5
05/11/2014,0
06/11/2014,0.6
07/11/2014,0
08/11/2014,1.5
09/11/2014,0
10/11/2014,7.4
11/11/2014,1.3
12/11/2014,0
13/11/2014,0
14/11/2014,0
15/11/2014,0.5
16/11/2014,0
17/11/2014,0
18/11/2014,0
19/11/2014,0
20/11/2014,0
21/11/2014,0
22/11/2014,0
23/11/2014,1
24/11/2014,0.9
25/11/2014,0
26/11/2014,0
27/11/2014,0
28/11/2014,0
29/11/2014,0
30/11/2014,0
01/12/2014,1.2
02/12/2014,2.2
03/12/2014,0.5
04/12/2014,0
05/12/2014,0
06/12/2014,0
07/12/2014,0
08/12/2014,0
09/12/2014,0
10/12/2014,0.8
11/12/2014,0
12/12/2014,0
13/12/2014,0
14/12/2014,0
15/12/2014,5.6
16/12/2014,5
17/12/2014,0
18/12/2014,0.6
19/12/2014,0.1
20/12/2014,0.1
21/12/2014,0
22/12/2014,0
23/12/2014,0
24/12/2014,0
25/12/2014,0
26/12/2014,0
27/12/2014,0
28/12/2014,0
29/12/2014,1.7
30/12/2014,1
31/12/2014,0.5
01/01/2015,0.8
02/01/2015,0.1
03/01/2015,3.6
04/01/2015,1
05/01/2015,0.2
06/01/2015,0.8
07/01/2015,0
08/01/2015,3.6
09/01/2015,1.7
10/01/2015,0.7
11/01/2015,0
12/01/2015,0
13/01/2015,1.9
14/01/2015,0.5
15/01/2015,2.4
16/01/2015,2.9
17/01/2015,1.1
18/01/2015,0
19/01/2015,0
20/01/2015,0
21/01/2015,0
22/01/2015,0
23/01/2015,0.8
24/01/2015,0
25/01/2015,0
26/01/2015,0
27/01/2015,0
28/01/2015,2
29/01/2015,1.8
30/01/2015,2
31/01/2015,0.9
01/02/2015,0.3
02/02/2015,2.7
03/02/2015,1.7
04/02/2015,0
05/02/2015,2.9
06/02/2015,1.3
07/02/2015,2.3
08/02/2015,0
09/02/2015,1.9
10/02/2015,4
11/02/2015,2.2
12/02/2015,2.4
13/02/2015,0
14/02/2015,0
15/02/2015,0
16/02/2015,0
17/02/2015,0
18/02/2015,0
19/02/2015,0
20/02/2015,0
21/02/2015,0
22/02/2015,0
23/02/2015,1
24/02/2015,0.7
25/02/2015,0
26/02/2015,1.7
27/02/2015,0
28/02/2015,0
01/03/2015,0.3
02/03/2015,0
03/03/2015,0.6
04/03/2015,0
05/03/2015,0
06/03/2015,0
07/03/2015,0.2
08/03/2015,0.2
09/03/2015,0
10/03/2015,0
11/03/2015,0
12/03/2015,0.1
13/03/2015,0
14/03/2015,0
15/03/2015,0
16/03/2015,0
17/03/2015,0
18/03/2015,0
19/03/2015,0.8
20/03/2015,0
21/03/2015,0
22/03/2015,1.9
23/03/2015,2.7
24/03/2015,0
25/03/2015,0
26/03/2015,0
27/03/2015,1.6
28/03/2015,0
29/03/2015,0.5
30/03/2015,1.9
31/03/2015,2.4
01/04/2015,0
02/04/2015,0.1
03/04/2015,1.8
04/04/2015,1.4
05/04/2015,0.2
06/04/2015,0
07/04/2015,0.4
08/04/2015,0.5
09/04/2015,1.1
10/04/2015,0.7
11/04/2015,0
12/04/2015,5.6
13/04/2015,16.6
14/04/2015,1.4
15/04/2015,0
16/04/2015,0
17/04/2015,0
18/04/2015,0
19/04/2015,0
20/04/2015,0
21/04/2015,0
22/04/2015,0
23/04/2015,0
24/04/2015,0
25/04/2015,0
26/04/2015,0
27/04/2015,1.6
28/04/2015,1.5
29/04/2015,0
30/04/2015,1
01/05/2015,3.7
02/05/2015,0
03/05/2015,0
04/05/2015,0
05/05/2015,0.4
06/05/2015,6.5
07/05/2015,0
08/05/2015,1.9
09/05/2015,12.9
10/05/2015,0
11/05/2015,0
12/05/2015,0
13/05/2015,12
14/05/2015,3.4
15/05/2015,0
16/05/2015,0
17/05/2015,0.9
18/05/2015,0
19/05/2015,5.3
20/05/2015,0.9
21/05/2015,0
22/05/2015,13.1
23/05/2015,0
24/05/2015,0
25/05/2015,0
26/05/2015,0
27/05/2015,5
28/05/2015,1.2
29/05/2015,0.9
30/05/2015,0
31/05/2015,3.6
01/06/2015,4.1
02/06/2015,0
03/06/2015,0
04/06/2015,0
05/06/2015,0
06/06/2015,0
07/06/2015,0
08/06/2015,0
09/06/2015,0
10/06/2015,0
11/06/2015,0
12/06/2015,0
13/06/2015,0
14/06/2015,0
15/06/2015,1.5
16/06/2015,0
17/06/2015,0
18/06/2015,0
19/06/2015,0
20/06/2015,0
21/06/2015,0.5
22/06/2015,7.2
23/06/2015,12.1
24/06/2015,8.2
25/06/2015,2.8
26/06/2015,0
27/06/2015,0
28/06/2015,0
29/06/2015,0
30/06/2015,0
01/07/2015,0
02/07/2015,3.4
03/07/2015,0
04/07/2015,0
05/07/2015,0.6
06/07/2015,5.9
07/07/2015,0
08/07/2015,0.7
09/07/2015,0.5
10/07/2015,0
11/07/2015,0
12/07/2015,0
13/07/2015,0
14/07/2015,0
15/07/2015,1.3
16/07/2015,0
17/07/2015,0
18/07/2015,0
19/07/2015,8.3
20/07/2015,4.3
21/07/2015,0
22/07/2015,0
23/07/2015,0
24/07/2015,3.1
25/07/2015,1.8
26/07/2015,9.8
27/07/2015,4.3
28/07/2015,0
29/07/2015,16.9
30/07/2015,7.7
31/07/2015,3.8
01/08/2015,6.7
02/08/2015,5.8
03/08/2015,0.6
04/08/2015,0
05/08/2015,0
06/08/2015,1.4
07/08/2015,1.3
08/08/2015,0.3
09/08/2015,0
10/08/2015,0
11/08/2015,4.1
12/08/2015,0
13/08/2015,0
14/08/2015,0
15/08/2015,0
16/08/2015,0
17/08/2015,0
18/08/2015,0
19/08/2015,0
20/08/2015,0
21/08/2015,0
22/08/2015,0
23/08/2015,0
24/08/2015,0
25/08/2015,0
26/08/2015,0
27/08/2015,0.9
28/08/2015,7.9
29/08/2015,0.8
30/08/2015,0.2
31/08/2015,0
01/09/2015,0
02/09/2015,0
03/09/2015,0
04/09/2015,2.6
05/09/2015,24.3
06/09/2015,0
07/09/2015,0
08/09/2015,0
09/09/2015,0
10/09/2015,0
11/09/2015,0
12/09/2015,0
13/09/2015,0
14/09/2015,0
15/09/2015,0.2
16/09/2015,0
17/09/2015,0.7
18/09/2015,23.7
19/09/2015,6.9
20/09/2015,0
21/09/2015,2.6
22/09/2015,2.6
23/09/2015,2.4
24/09/2015,0
25/09/2015,2.3
26/09/2015,5.3
27/09/2015,0
28/09/2015,0.9
29/09/2015,0.4
30/09/2015,1.2
01/10/2015,1.2
02/10/2015,5.7
03/10/2015,1.8
04/10/2015,5.2
05/10/2015,0
06/10/2015,0
07/10/2015,0
08/10/2015,0
09/10/2015,0
10/10/2015,0
11/10/2015,0
12/10/2015,0
13/10/2015,0
14/10/2015,0
15/10/2015,0
16/10/2015,0
17/10/2015,0
18/10/2015,0
19/10/2015,0
20/10/2015,0
21/10/2015,1.1
22/10/2015,0
23/10/2015,0
24/10/2015,1.2
25/10/2015,0.6
26/10/2015,0
27/10/2015,0
28/10/2015,0
29/10/2015,0
30/10/2015,0
31/10/2015,1.3
01/11/2015,0.7
02/11/2015,0.8
03/11/2015,0
04/11/2015,0
05/11/2015,0
06/11/2015,2
07/11/2015,1.8
08/11/2015,0
09/11/2015,1.5
10/11/2015,0
11/11/2015,0.5
12/11/2015,0.8
13/11/2015,2
14/11/2015,2.5
15/11/2015,0
16/11/2015,0
17/11/2015,0.9
18/11/2015,0.3
19/11/2015,0
20/11/2015,0
21/11/2015,0
22/11/2015,0
23/11/2015,0
24/11/2015,0.5
25/11/2015,0
26/11/2015,2.6
27/11/2015,0.3
28/11/2015,0.6
29/11/2015,1.1
30/11/2015,3.6
01/12/2015,1.6
02/12/2015,0.2
03/12/2015,0.3
04/12/2015,0
05/12/2015,2.9
06/12/2015,0
07/12/2015,1.2
08/12/2015,2.5
09/12/2015,0.2
10/12/2015,2.1
11/12/2015,0
12/12/2015,0
13/12/2015,0
14/12/2015,1.1
15/12/2015,0
16/12/2015,0
17/12/2015,0.8
18/12/2015,2.6
19/12/2015,1.2
20/12/2015,0
21/12/2015,0.4
22/12/2015,0
23/12/2015,0.6
24/12/2015,2.6
25/12/2015,2.6
26/12/2015,1.1
27/12/2015,0
28/12/2015,0
29/12/2015,0
30/12/2015,0.6
31/12/2015,0
01/01/2016,0
02/01/2016,0.1
03/01/2016,1.8
04/01/2016,0
05/01/2016,0
06/01/2016,0.4
07/01/2016,0
08/01/2016,0.1
09/01/2016,0.3
10/01/2016,0.2
11/01/2016,0.1
12/01/2016,0
13/01/2016,0
14/01/2016,0
15/01/2016,0
16/01/2016,8.2
17/01/2016,1.4
18/01/2016,0
19/01/2016,0
20/01/2016,0
21/01/2016,0
22/01/2016,0
23/01/2016,0
24/01/2016,1.9
25/01/2016,1.8
26/01/2016,6.5
27/01/2016,0.2
28/01/2016,0
29/01/2016,2.2
30/01/2016,2.7
31/01/2016,1.9
01/02/2016,1.5
02/02/2016,0
03/02/2016,1.1
04/02/2016,0
05/02/2016,0
06/02/2016,4.1
07/02/2016,4.2
08/02/2016,3.1
09/02/2016,6
10/02/2016,1.2
11/02/2016,0.2
12/02/2016,0
13/02/2016,1.5
14/02/2016,2.9
15/02/2016,0
16/02/2016,0
17/02/2016,0
18/02/2016,0.2
19/02/2016,0.5
20/02/2016,0.6
21/02/2016,2.9
22/02/2016,1
23/02/2016,3.1
24/02/2016,2.1
25/02/2016,0.6
26/02/2016,0
27/02/2016,0
28/02/2016,0
29/02/2016,0
01/03/2016,0.5
02/03/2016,1
03/03/2016,0.2
04/03/2016,0.4
05/03/2016,0.6
06/03/2016,0.4
07/03/2016,1.7
08/03/2016,0.6
09/03/2016,0.3
10/03/2016,0
11/03/2016,0
12/03/2016,0
13/03/2016,0.2
14/03/2016,0.2
15/03/2016,0
16/03/2016,0
17/03/2016,0.6
18/03/2016,0
19/03/2016,0
20/03/2016,0
21/03/2016,0
22/03/2016,0
23/03/2016,0
24/03/2016,0.2
25/03/2016,2
26/03/2016,0
27/03/2016,0
28/03/2016,0
29/03/2016,0
30/03/2016,0
31/03/2016,0
01/04/2016,0
02/04/2016,0
03/04/2016,0
04/04/2016,0.1
05/04/2016,0
06/04/2016,2.6
07/04/2016,2.2
08/04/2016,0.7
09/04/2016,1.6
10/04/2016,0
11/04/2016,0
12/04/2016,2
13/04/2016,0
14/04/2016,0
15/04/2016,0
16/04/2016,2.1
17/04/2016,0
18/04/2016,0
19/04/2016,0.5
20/04/2016,0
21/04/2016,0
22/04/2016,0.3
23/04/2016,0
24/04/2016,0
25/04/2016,1.7
26/04/2016,8.1
27/04/2016,1.2
28/04/2016,0.4
29/04/2016,0
30/04/2016,0
01/05/2016,0
02/05/2016,0
03/05/2016,0
04/05/2016,0
05/05/2016,0
06/05/2016,0
07/05/2016,0
08/05/2016,0
09/05/2016,0
10/05/2016,0
11/05/2016,0
12/05/2016,0
13/05/2016,0
14/05/2016,0
15/05/2016,0
16/05/2016,0
17/05/2016,0
18/05/2016,0
19/05/2016,3.8
20/05/2016,0
21/05/2016,0
22/05/2016,0
23/05/2016,4.5
24/05/2016,0
25/05/2016,0
26/05/2016,0
27/05/2016,0
28/05/2016,0
29/05/2016,0
30/05/2016,0.8
31/05/2016,0
01/06/2016,0
02/06/2016,0
03/06/2016,0
04/06/2016,0
05/06/2016,0
06/06/2016,0.5
07/06/2016,1.3
08/06/2016,0.6
09/06/2016,0.6
10/06/2016,0
11/06/2016,0
12/06/2016,0
13/06/2016,15.4
14/06/2016,28.1
15/06/2016,0.8
16/06/2016,1.4
17/06/2016,28.3
18/06/2016,6.4
19/06/2016,2.8
20/06/2016,3.4
21/06/2016,1.7
22/06/2016,0
23/06/2016,0
24/06/2016,2
25/06/2016,0
26/06/2016,0
27/06/2016,0
28/06/2016,8.2
29/06/2016,7.3
30/06/2016,0.6
01/07/2016,0.4
02/07/2016,1
03/07/2016,0.6
04/07/2016,4.7
05/07/2016,41.9
06/07/2016,13.2
07/07/2016,15
08/07/2016,0.4
09/07/2016,3.8
10/07/2016,18.4
11/07/2016,0
12/07/2016,0
13/07/2016,0
14/07/2016,0
15/07/2016,0
16/07/2016,13.1
17/07/2016,0
18/07/2016,0
19/07/2016,0
20/07/2016,0
21/07/2016,0
22/07/2016,0
23/07/2016,0
24/07/2016,2
25/07/2016,1.9
26/07/2016,5.6
27/07/2016,20.6
28/07/2016,0.3
29/07/2016,0.3
30/07/2016,0.4
31/07/2016,2.8
01/08/2016,8.1
02/08/2016,5.8
03/08/2016,1.5
04/08/2016,5.7
05/08/2016,2.2
06/08/2016,6.1
07/08/2016,1.1
08/08/2016,7.4
09/08/2016,1.7
10/08/2016,0.8
11/08/2016,7.1
12/08/2016,4.1
13/08/2016,2.6
14/08/2016,0.2
15/08/2016,0
16/08/2016,0
17/08/2016,0
18/08/2016,0
19/08/2016,1.8
20/08/2016,1.5
21/08/2016,1.2
22/08/2016,7.7
23/08/2016,0.8
24/08/2016,0
25/08/2016,0
26/08/2016,0.8
27/08/2016,0
28/08/2016,0
29/08/2016,0
30/08/2016,0.4
31/08/2016,3.3
01/09/2016,0
02/09/2016,4.1
03/09/2016,1.9
04/09/2016,1.5
05/09/2016,0
06/09/2016,1.3
07/09/2016,0.8
08/09/2016,0
09/09/2016,0
10/09/2016,0
11/09/2016,18
12/09/2016,0
13/09/2016,0
14/09/2016,0.1
15/09/2016,0
16/09/2016,0
17/09/2016,0
18/09/2016,1.1
19/09/2016,0
20/09/2016,1.9
21/09/2016,0.2
22/09/2016,0.6
23/09/2016,0
24/09/2016,0.2
25/09/2016,0.7
26/09/2016,0
27/09/2016,0
28/09/2016,5.1
29/09/2016,14.2
30/09/2016,8.1
01/10/2016,0
02/10/2016,0
03/10/2016,0
04/10/2016,0
05/10/2016,0.5
06/10/2016,0
07/10/2016,0
08/10/2016,0
09/10/2016,0
10/10/2016,0
11/10/2016,0
12/10/2016,0
13/10/2016,0
14/10/2016,0
15/10/2016,0
16/10/2016,0
17/10/2016,0
18/10/2016,0
19/10/2016,0
20/10/2016,0
21/10/2016,0
22/10/2016,0
23/10/2016,0
24/10/2016,0
25/10/2016,0
26/10/2016,0
27/10/2016,0
28/10/2016,0
29/10/2016,0
30/10/2016,0
31/10/2016,0.7
01/11/2016,0
02/11/2016,0
03/11/2016,0.7
04/11/2016,0.2
05/11/2016,0.4
06/11/2016,0
07/11/2016,0
08/11/2016,0
09/11/2016,0
10/11/2016,0
11/11/2016,0.5
12/11/2016,0
13/11/2016,0
14/11/2016,0.2
15/11/2016,0.2
16/11/2016,0.3
17/11/2016,3.1
18/11/2016,6.2
19/11/2016,1.3
20/11/2016,1.1
21/11/2016,0
22/11/2016,4.3
23/11/2016,0
24/11/2016,0
25/11/2016,9.4
26/11/2016,1.6
27/11/2016,0.6
28/11/2016,0
29/11/2016,0.2
30/11/2016,1.5
01/12/2016,0.4
02/12/2016,0
03/12/2016,2.1
04/12/2016,3.5
05/12/2016,2.1
06/12/2016,1.7
07/12/2016,0.4
08/12/2016,0.7
09/12/2016,2.1
10/12/2016,0
11/12/2016,0
12/12/2016,0
13/12/2016,3.2
14/12/2016,0
15/12/2016,0
16/12/2016,0
17/12/2016,0
18/12/2016,0.7
19/12/2016,1.5
20/12/2016,0.4
21/12/2016,0
22/12/2016,0
23/12/2016,0
24/12/2016,3.1
25/12/2016,0
26/12/2016,1.1
27/12/2016,0
28/12/2016,0.3
29/12/2016,0
30/12/2016,1
31/12/2016,0
01/01/2017,1.2
02/01/2017,0.2
03/01/2017,0.9
04/01/2017,0
05/01/2017,0
06/01/2017,0.2
07/01/2017,0.2
08/01/2017,1.1
09/01/2017,0.8
10/01/2017,9
11/01/2017,0.5
12/01/2017,1.9
13/01/2017,1.4
14/01/2017,0.2
15/01/2017,0
16/01/2017,0.5
17/01/2017,0.6
18/01/2017,1.8
19/01/2017,5.8
20/01/2017,4.2
21/01/2017,0
22/01/2017,8.6
23/01/2017,1.7
24/01/2017,0.4
25/01/2017,2.4
26/01/2017,2.4
27/01/2017,0
28/01/2017,0
29/01/2017,0
30/01/2017,0.3
31/01/2017,0
01/02/2017,0.5
02/02/2017,0
03/02/2017,0.3
04/02/2017,0
05/02/2017,0.4
06/02/2017,0
07/02/2017,0
08/02/2017,0
09/02/2017,0
10/02/2017,0
11/02/2017,0
12/02/2017,0
13/02/2017,0
14/02/2017,0
15/02/2017,0
16/02/2017,4
17/02/2017,4.1
18/02/2017,0
19/02/2017,1.2
20/02/2017,0
21/02/2017,0
22/02/2017,4.1
23/02/2017,0.6
24/02/2017,0
25/02/2017,1.2
26/02/2017,0
27/02/2017,1.6
28/02/2017,0.6
01/03/2017,0.8
02/03/2017,0
03/03/2017,0.2
04/03/2017,0
05/03/2017,0
06/03/2017,0
07/03/2017,0
08/03/2017,1
09/03/2017,0
10/03/2017,0.3
11/03/2017,0.7
12/03/2017,0
13/03/2017,2
14/03/2017,0.6
15/03/2017,0.8
16/03/2017,0
17/03/2017,3.3
18/03/2017,0.3
19/03/2017,0
20/03/2017,0
21/03/2017,0
22/03/2017,0.6
23/03/2017,0
24/03/2017,0
25/03/2017,1.3
26/03/2017,2.4
27/03/2017,0.6
28/03/2017,0
29/03/2017,1
30/03/2017,0
31/03/2017,0
01/04/2017,0
02/04/2017,0.1
03/04/2017,0
04/04/2017,0.3
05/04/2017,3
06/04/2017,0.8
07/04/2017,0
08/04/2017,1
09/04/2017,5.1
10/04/2017,3.5
11/04/2017,0
12/04/2017,0
13/04/2017,0.4
14/04/2017,0.5
15/04/2017,0
16/04/2017,0
17/04/2017,0
18/04/2017,0
19/04/2017,0
20/04/2017,0.6
21/04/2017,0.7
22/04/2017,0
23/04/2017,0
24/04/2017,0
25/04/2017,0.2
26/04/2017,0
27/04/2017,0
28/04/2017,0
29/04/2017,0
30/04/2017,0.8
01/05/2017,0
02/05/2017,0
03/05/2017,0
04/05/2017,0
05/05/2017,0
06/05/2017,0.3
07/05/2017,0
08/05/2017,0
09/05/2017,0.6
10/05/2017,0.3
11/05/2017,0.1
12/05/2017,0
13/05/2017,0
14/05/2017,0
15/05/2017,0
16/05/2017,0
17/05/2017,0
18/05/2017,0
19/05/2017,0
20/05/2017,0
21/05/2017,0
22/05/2017,0
23/05/2017,0
24/05/2017,0
25/05/2017,0
26/05/2017,0
27/05/2017,0.5
28/05/2017,4.2
29/05/2017,0.2
30/05/2017,0
31/05/2017,0
01/06/2017,0
02/06/2017,0
03/06/2017,0
04/06/2017,0
05/06/2017,0
06/06/2017,0.1
07/06/2017,0
08/06/2017,0
09/06/2017,0
10/06/2017,0
11/06/2017,0
12/06/2017,0
13/06/2017,0
14/06/2017,0
15/06/2017,0
16/06/2017,0
17/06/2017,1.9
18/06/2017,1.7
19/06/2017,0
20/06/2017,3.6
21/06/2017,1.2
22/06/2017,0
23/06/2017,0
24/06/2017,8.2
25/06/2017,1.5
26/06/2017,1.5
27/06/2017,0
28/06/2017,0
29/06/2017,0
30/06/2017,0
01/07/2017,0
02/07/2017,0.5
03/07/2017,13.3
04/07/2017,3.8
05/07/2017,2.8
06/07/2017,0
07/07/2017,0
08/07/2017,0
09/07/2017,0
10/07/2017,4.7
11/07/2017,1.8
12/07/2017,3.9
13/07/2017,6.8
14/07/2017,11.5
15/07/2017,0.7
16/07/2017,4.3
17/07/2017,16.1
18/07/2017,13.7
19/07/2017,0
20/07/2017,0
21/07/2017,0
22/07/2017,0
23/07/2017,0
24/07/2017,0
25/07/2017,0
26/07/2017,0
27/07/2017,3.3
28/07/2017,0
29/07/2017,6.8
30/07/2017,8.1
31/07/2017,0
01/08/2017,2.8
02/08/2017,3.2
03/08/2017,17.7
04/08/2017,0.5
05/08/2017,0
06/08/2017,2.4
07/08/2017,5.4
08/08/2017,0.3
09/08/2017,7.4
10/08/2017,12.7
11/08/2017,0.5
12/08/2017,6.3
13/08/2017,0.3
14/08/2017,0
15/08/2017,0
16/08/2017,3.7
17/08/2017,0
18/08/2017,0.7
19/08/2017,12.7
20/08/2017,6.1
21/08/2017,6
22/08/2017,0
23/08/2017,1.9
24/08/2017,3.4
25/08/2017,11.2
26/08/2017,0.1
27/08/2017,0
28/08/2017,0
29/08/2017,0.3
30/08/2017,0.9
31/08/2017,0
01/09/2017,0
02/09/2017,0
03/09/2017,0
04/09/2017,0
05/09/2017,0
06/09/2017,0
07/09/2017,0
08/09/2017,0
09/09/2017,2.7
10/09/2017,12.8
11/09/2017,2.8
12/09/2017,7.4
13/09/2017,0.7
14/09/2017,0
15/09/2017,2.1
16/09/2017,0.8
17/09/2017,0.7
18/09/2017,0
19/09/2017,0
20/09/2017,0
21/09/2017,0.1
22/09/2017,0
23/09/2017,0
24/09/2017,0.3
25/09/2017,0
26/09/2017,0
27/09/2017,0
28/09/2017,0
29/09/2017,0
30/09/2017,0
01/10/2017,0
02/10/2017,0.4
03/10/2017,0.6
04/10/2017,0.2
05/10/2017,0
06/10/2017,0
07/10/2017,1.6
08/10/2017,0
09/10/2017,0.4
10/10/2017,1.2
11/10/2017,0.4
12/10/2017,0
13/10/2017,1.2
14/10/2017,3.1
15/10/2017,2.8
16/10/2017,5.8
17/10/2017,0.7
18/10/2017,0.9
19/10/2017,2.2
20/10/2017,0
21/10/2017,0
22/10/2017,0
23/10/2017,0
24/10/2017,0
25/10/2017,0.2
26/10/2017,0
27/10/2017,0
28/10/2017,0
29/10/2017,0
30/10/2017,0
31/10/2017,0
01/11/2017,4.4
02/11/2017,0
03/11/2017,0
04/11/2017,0
05/11/2017,7.5
06/11/2017,5.2
07/11/2017,0
08/11/2017,0.9
09/11/2017,1.9
10/11/2017,0.4
11/11/2017,0.9
12/11/2017,2.5
13/11/2017,0
14/11/2017,0
15/11/2017,1.8
16/11/2017,0
17/11/2017,1
18/11/2017,0
19/11/2017,0.3
20/11/2017,5.1
21/11/2017,0.9
22/11/2017,0.6
23/11/2017,3.8
24/11/2017,4
25/11/2017,0
26/11/2017,0
27/11/2017,1.2
28/11/2017,0
29/11/2017,0
30/11/2017,0
01/12/2017,0.6
02/12/2017,0.4
03/12/2017,0.7
04/12/2017,0
05/12/2017,0
06/12/2017,0
07/12/2017,5.2
08/12/2017,6.9
09/12/2017,6.1
10/12/2017,2
11/12/2017,0.2
12/12/2017,0.7
13/12/2017,0.6
14/12/2017,0
15/12/2017,1
16/12/2017,0
17/12/2017,0
18/12/2017,0
19/12/2017,2.6
20/12/2017,0
21/12/2017,0.6
22/12/2017,0
23/12/2017,0
24/12/2017,0
25/12/2017,0
26/12/2017,0
27/12/2017,0
28/12/2017,0
29/12/2017,3.5
30/12/2017,0.4
31/12/2017,0.1
01/01/2018,0.4
02/01/2018,1.6
03/01/2018,1.9
04/01/2018,0
05/01/2018,1.4
06/01/2018,0
07/01/2018,0.7
08/01/2018,3.5
09/01/2018,0
10/01/2018,0
11/01/2018,0
12/01/2018,0
13/01/2018,0
14/01/2018,0.6
15/01/2018,0.7
16/01/2018,0.4
17/01/2018,0
18/01/2018,1.1
19/01/2018,0.5
20/01/2018,0.5
21/01/2018,0
22/01/2018,0
23/01/2018,1.1
24/01/2018,6.4
25/01/2018,1.9
26/01/2018,0
27/01/2018,0
28/01/2018,0.9
29/01/2018,0
30/01/2018,0.6
31/01/2018,0.3
01/02/2018,0
02/02/2018,0.7
03/02/2018,0
04/02/2018,0
05/02/2018,0
06/02/2018,0.5
07/02/2018,0
08/02/2018,0
09/02/2018,0.2
10/02/2018,0.2
11/02/2018,0
12/02/2018,0.6
13/02/2018,0.3
14/02/2018,0.3
15/02/2018,0
16/02/2018,0
17/02/2018,0
18/02/2018,0
19/02/2018,0
20/02/2018,0
21/02/2018,0
22/02/2018,0.3
23/02/2018,0
24/02/2018,0
25/02/2018,0
26/02/2018,0
27/02/2018,0
28/02/2018,0.3
01/03/2018,0.6
02/03/2018,3.1
03/03/2018,4.9
04/03/2018,0
05/03/2018,0
06/03/2018,0.3
07/03/2018,0.8
08/03/2018,0.2
09/03/2018,0.8
10/03/2018,0.5
11/03/2018,0
12/03/2018,0.1
13/03/2018,1.4
14/03/2018,0
15/03/2018,0
16/03/2018,0
17/03/2018,0
18/03/2018,0
19/03/2018,0.2
20/03/2018,0.3
21/03/2018,0
22/03/2018,0
23/03/2018,0
24/03/2018,0
25/03/2018,0.2
26/03/2018,0
27/03/2018,0.2
28/03/2018,0
29/03/2018,0
30/03/2018,0
31/03/2018,0
01/04/2018,1
02/04/2018,0.6
03/04/2018,0.5
04/04/2018,2
05/04/2018,0
06/04/2018,0
07/04/2018,0.1
08/04/2018,0.5
09/04/2018,0
10/04/2018,0
11/04/2018,0
12/04/2018,0
13/04/2018,0
14/04/2018,0
15/04/2018,0
16/04/2018,0
17/04/2018,0
18/04/2018,2.6
19/04/2018,3
20/04/2018,0.8
21/04/2018,0.1
22/04/2018,0
23/04/2018,0.2
24/04/2018,0.5
25/04/2018,0
26/04/2018,0
27/04/2018,0
28/04/2018,0.7
29/04/2018,0
30/04/2018,0
01/05/2018,0
02/05/2018,0.7
03/05/2018,0
04/05/2018,0
05/05/2018,0
06/05/2018,0
07/05/2018,3
08/05/2018,0
09/05/2018,0
10/05/2018,0
11/05/2018,12.9
12/05/2018,0.2
13/05/2018,0
14/05/2018,0
15/05/2018,0
16/05/2018,0.4
17/05/2018,0
18/05/2018,0
19/05/2018,0
20/05/2018,0
21/05/2018,0
22/05/2018,0
23/05/2018,0
24/05/2018,0
25/05/2018,0
26/05/2018,0
27/05/2018,0
28/05/2018,0
29/05/2018,0
30/05/2018,0
31/05/2018,0
01/06/2018,0
02/06/2018,0
03/06/2018,0
04/06/2018,0
05/06/2018,0
06/06/2018,0
07/06/2018,0
08/06/2018,0.5
09/06/2018,1.6
10/06/2018,1.9
11/06/2018,3.7
12/06/2018,1.9
13/06/2018,0
14/06/2018,0.3
15/06/2018,0.8
16/06/2018,0
17/06/2018,0
18/06/2018,7
19/06/2018,12.1
20/06/2018,38.2
21/06/2018,8.3
22/06/2018,2.2
23/06/2018,3.3
24/06/2018,0.9
25/06/2018,0
26/06/2018,0
27/06/2018,0
28/06/2018,0
29/06/2018,0
30/06/2018,0
01/07/2018,0
02/07/2018,0
03/07/2018,1.6
04/07/2018,1.1
05/07/2018,0
06/07/2018,3.9
07/07/2018,0.5
08/07/2018,0
09/07/2018,0
10/07/2018,0
11/07/2018,0
12/07/2018,0
13/07/2018,2.1
14/07/2018,0.2
15/07/2018,0
16/07/2018,0
17/07/2018,0
18/07/2018,0
19/07/2018,0
20/07/2018,0.5
21/07/2018,0
22/07/2018,7.7
23/07/2018,0
24/07/2018,6.6
25/07/2018,10
26/07/2018,0
27/07/2018,0
28/07/2018,0
29/07/2018,0
30/07/2018,0
31/07/2018,0
01/08/2018,0.8
02/08/2018,10.1
03/08/2018,0.2
04/08/2018,0.4
05/08/2018,12.2
06/08/2018,0
07/08/2018,0
08/08/2018,0
09/08/2018,1.1
10/08/2018,12.9
11/08/2018,2.3
12/08/2018,8.6
13/08/2018,0.9
14/08/2018,0.6
15/08/2018,0
16/08/2018,0.9
17/08/2018,1.3
18/08/2018,2.9
19/08/2018,0.5
20/08/2018,0
21/08/2018,0
22/08/2018,0
23/08/2018,1.1
24/08/2018,5.2
25/08/2018,8.5
26/08/2018,0
27/08/2018,0
28/08/2018,0
29/08/2018,0.6
30/08/2018,5.3
31/08/2018,0
01/09/2018,0
02/09/2018,0
03/09/2018,0
04/09/2018,0
05/09/2018,0
06/09/2018,0.6
07/09/2018,0
08/09/2018,0
09/09/2018,0
10/09/2018,0.2
11/09/2018,4.8
12/09/2018,0
13/09/2018,0
14/09/2018,2.1
15/09/2018,7.3
16/09/2018,2
17/09/2018,0
18/09/2018,0
19/09/2018,5
20/09/2018,3.5
21/09/2018,3
22/09/2018,4
23/09/2018,0.2
24/09/2018,0
25/09/2018,0.6
26/09/2018,9.7
27/09/2018,0
28/09/2018,0
29/09/2018,0.2
30/09/2018,1.4
01/10/2018,0.4
02/10/2018,0
03/10/2018,0
04/10/2018,0
05/10/2018,3.7
06/10/2018,0
07/10/2018,0
08/10/2018,0
09/10/2018,0
10/10/2018,0
11/10/2018,0
12/10/2018,0.6
13/10/2018,0.4
14/10/2018,2.8
15/10/2018,0
16/10/2018,0
17/10/2018,0
18/10/2018,0.5
19/10/2018,0
20/10/2018,0.5
21/10/2018,0
22/10/2018,0
23/10/2018,0
24/10/2018,0
25/10/2018,0
26/10/2018,0
27/10/2018,0
28/10/2018,0
29/10/2018,0
30/10/2018,3.1
31/10/2018,3.2
01/11/2018,0
02/11/2018,1.7
03/11/2018,2.9
04/11/2018,5.3
05/11/2018,0
06/11/2018,0
07/11/2018,0
08/11/2018,0.7
09/11/2018,0.6
10/11/2018,0.4
11/11/2018,0.4
12/11/2018,1.3
13/11/2018,0.3
14/11/2018,1
15/11/2018,0
16/11/2018,0.2
17/11/2018,0
18/11/2018,0
19/11/2018,0
20/11/2018,0
21/11/2018,0
22/11/2018,0
23/11/2018,1.2
24/11/2018,0
25/11/2018,0.8
26/11/2018,0.5
27/11/2018,0
28/11/2018,0
29/11/2018,0.2
30/11/2018,1.1
01/12/2018,0
02/12/2018,0.6
03/12/2018,1
04/12/2018,2.9
05/12/2018,0
06/12/2018,0
07/12/2018,0
08/12/2018,1
09/12/2018,2.7
10/12/2018,0.3
11/12/2018,0
12/12/2018,0
13/12/2018,0
14/12/2018,0
15/12/2018,0
16/12/2018,0
17/12/2018,0
18/12/2018,0.6
19/12/2018,1.4
20/12/2018,0.1
21/12/2018,1.2
22/12/2018,0.5
23/12/2018,0
24/12/2018,0.7
25/12/2018,0.3
26/12/2018,2.2
27/12/2018,2.3
28/12/2018,0
29/12/2018,0.8
30/12/2018,0.3
31/12/2018,1.9
01/01/2019,0.6
02/01/2019,0.1
03/01/2019,0.4
04/01/2019,0
05/01/2019,0
06/01/2019,0
07/01/2019,0.2
08/01/2019,2.4
09/01/2019,0
10/01/2019,4.5
11/01/2019,1
12/01/2019,0
13/01/2019,1.1
14/01/2019,2.8
15/01/2019,5.1
16/01/2019,2.6
17/01/2019,0.7
18/01/2019,0.8
19/01/2019,0
20/01/2019,0
21/01/2019,0.8
22/01/2019,0.9
23/01/2019,0.4
24/01/2019,0.3
25/01/2019,0.3
26/01/2019,0.3
27/01/2019,0.7
28/01/2019,0.7
29/01/2019,1
30/01/2019,0
31/01/2019,0.3
01/02/2019,0.5
02/02/2019,0.4
03/02/2019,0.3
04/02/2019,0.7
05/02/2019,0.4
06/02/2019,0
07/02/2019,0
08/02/2019,0.7
09/02/2019,1.5
10/02/2019,1
11/02/2019,0
12/02/2019,0.6
13/02/2019,0.4
14/02/2019,1.8
15/02/2019,3.2
16/02/2019,2
17/02/2019,0
18/02/2019,6.2
19/02/2019,3.7
20/02/2019,0
21/02/2019,0
22/02/2019,0.5
23/02/2019,0.1
24/02/2019,0
25/02/2019,0
26/02/2019,0.7
27/02/2019,2.6
28/02/2019,0
01/03/2019,0.5
02/03/2019,0
03/03/2019,0
04/03/2019,0
05/03/2019,0.5
06/03/2019,0.8
07/03/2019,0
08/03/2019,1.5
09/03/2019,1
10/03/2019,0
11/03/2019,0
12/03/2019,0
13/03/2019,0.2
14/03/2019,0.8
15/03/2019,0.1
16/03/2019,0
17/03/2019,0.5
18/03/2019,0.5
19/03/2019,0
20/03/2019,0.3
21/03/2019,1.3
22/03/2019,0
23/03/2019,0.2
24/03/2019,0.1
25/03/2019,0
26/03/2019,0
27/03/2019,0
28/03/2019,1.3
29/03/2019,0.2
30/03/2019,1.4
31/03/2019,0
01/04/2019,0
02/04/2019,0
03/04/2019,1.8
04/04/2019,0
05/04/2019,0
06/04/2019,0.7
07/04/2019,0
08/04/2019,0
09/04/2019,0
10/04/2019,0
11/04/2019,0
12/04/2019,0
13/04/2019,0
14/04/2019,0
15/04/2019,0
16/04/2019,0
17/04/2019,0
18/04/2019,0
19/04/2019,0.7
20/04/2019,0
21/04/2019,0
22/04/2019,0.8
23/04/2019,0
24/04/2019,0
25/04/2019,0
26/04/2019,0
27/04/2019,0
28/04/2019,0
29/04/2019,0
30/04/2019,2.7
01/05/2019,0.2
02/05/2019,0.2
03/05/2019,0.1
04/05/2019,0
05/05/2019,0
06/05/2019,0.7
07/05/2019,2.2
08/05/2019,3.8
09/05/2019,0.8
10/05/2019,1.4
11/05/2019,0
12/05/2019,7.9
13/05/2019,0
14/05/2019,0
15/05/2019,0
16/05/2019,0
17/05/2019,0
18/05/2019,0
19/05/2019,0
20/05/2019,0
21/05/2019,0
22/05/2019,0
23/05/2019,0
24/05/2019,0
25/05/2019,3.9
26/05/2019,2
27/05/2019,3.5
28/05/2019,7.3
29/05/2019,35.9
30/05/2019,4
31/05/2019,1.3
01/06/2019,2.2
02/06/2019,0
03/06/2019,1
04/06/2019,0
05/06/2019,4.3
06/06/2019,0
07/06/2019,0
08/06/2019,0
09/06/2019,28.6
10/06/2019,0.5
11/06/2019,0
12/06/2019,0
13/06/2019,0
14/06/2019,0
15/06/2019,0
16/06/2019,0
17/06/2019,0
18/06/2019,2.5
19/06/2019,0
20/06/2019,0
21/06/2019,6.2
22/06/2019,24
23/06/2019,12.1
24/06/2019,0
25/06/2019,0
26/06/2019,0
27/06/2019,0
28/06/2019,0.5
29/06/2019,0
30/06/2019,0.4
01/07/2019,6.8
02/07/2019,0.1
03/07/2019,4.3
04/07/2019,0
05/07/2019,4.4
06/07/2019,12
07/07/2019,0
08/07/2019,0
09/07/2019,0
10/07/2019,0.3
11/07/2019,0
12/07/2019,0
13/07/2019,0
14/07/2019,0
15/07/2019,0.8
16/07/2019,4.4
17/07/2019,2.2
18/07/2019,0.4
19/07/2019,0
20/07/2019,0
21/07/2019,0.4
22/07/2019,0
23/07/2019,1.4
24/07/2019,0
25/07/2019,0
26/07/2019,0
27/07/2019,0
28/07/2019,0
29/07/2019,0
30/07/2019,0
31/07/2019,0
01/08/2019,0
02/08/2019,0
03/08/2019,0
04/08/2019,0
05/08/2019,0
06/08/2019,0
07/08/2019,0
08/08/2019,0
09/08/2019,1.7
10/08/2019,0.2
11/08/2019,0.7
12/08/2019,0
13/08/2019,1.3
14/08/2019,4.3
15/08/2019,1.5
16/08/2019,3.3
17/08/2019,1.1
18/08/2019,3.1
19/08/2019,22.6
20/08/2019,1.7
21/08/2019,0.6
22/08/2019,0
23/08/2019,1.8
24/08/2019,0
25/08/2019,10.4
26/08/2019,0
27/08/2019,0
28/08/2019,0
29/08/2019,0.3
30/08/2019,5.1
31/08/2019,0
01/09/2019,0.4
02/09/2019,10
03/09/2019,0
04/09/2019,0
05/09/2019,14.7
06/09/2019,2.7
07/09/2019,0
08/09/2019,0.7
09/09/2019,0
10/09/2019,0
11/09/2019,0
12/09/2019,8.6
13/09/2019,0.6
14/09/2019,0.8
15/09/2019,0.8
16/09/2019,1.3
17/09/2019,1.4
18/09/2019,0.5
19/09/2019,0
20/09/2019,0
21/09/2019,0
22/09/2019,0
23/09/2019,0
24/09/2019,4.8
25/09/2019,0
26/09/2019,0
27/09/2019,0
28/09/2019,2.4
29/09/2019,2.4
30/09/2019,7.2
01/10/2019,0.1
02/10/2019,0.1
03/10/2019,0.1
04/10/2019,0
05/10/2019,0
06/10/2019,0
07/10/2019,0.9
08/10/2019,0
09/10/2019,0
10/10/2019,0.4
11/10/2019,0
12/10/2019,0.5
13/10/2019,0
14/10/2019,0
15/10/2019,0
16/10/2019,0
17/10/2019,0.8
18/10/2019,0
19/10/2019,0
20/10/2019,0
21/10/2019,0
22/10/2019,3.8
23/10/2019,1.2
24/10/2019,9.6
25/10/2019,3.6
26/10/2019,0.8
27/10/2019,0
28/10/2019,0
29/10/2019,0
30/10/2019,0.9
31/10/2019,0.5
01/11/2019,0
02/11/2019,0
03/11/2019,0.1
04/11/2019,0
05/11/2019,0
06/11/2019,0
07/11/2019,0
08/11/2019,0
09/11/2019,0
10/11/2019,0
11/11/2019,1.7
12/11/2019,3.2
13/11/2019,1.3
14/11/2019,0
15/11/2019,0
16/11/2019,0
17/11/2019,0
18/11/2019,1.3
19/11/2019,0
20/11/2019,0.5
21/11/2019,0
22/11/2019,0.7
23/11/2019,0
24/11/2019,0.1
25/11/2019,0
26/11/2019,0
27/11/2019,0
28/11/2019,1.6
29/11/2019,0.8
30/11/2019,0.4
01/12/2019,1.3
02/12/2019,0
03/12/2019,2
04/12/2019,0
05/12/2019,0.6
06/12/2019,2.2
07/12/2019,1.5
08/12/2019,0.1
09/12/2019,0.5
10/12/2019,0.1
11/12/2019,2.6
12/12/2019,0.3
13/12/2019,0
14/12/2019,0.2
15/12/2019,0.9
16/12/2019,4.5
17/12/2019,5.6
18/12/2019,0
19/12/2019,0
20/12/2019,1.1
21/12/2019,8.1
22/12/2019,0.9
23/12/2019,1.4
24/12/2019,0.3
25/12/2019,0
26/12/2019,0
27/12/2019,0
28/12/2019,0.7
29/12/2019,6.2
30/12/2019,1
31/12/2019,0.6
01/01/2020,2.7
02/01/2020,0.6
03/01/2020,0
04/01/2020,0
05/01/2020,0.3
06/01/2020,0.2
07/01/2020,4.8
08/01/2020,0
09/01/2020,0.8
10/01/2020,0
11/01/2020,0.7
12/01/2020,0.2
13/01/2020,0
14/01/2020,4.8
15/01/2020,2.7
16/01/2020,1.2
17/01/2020,0.6
18/01/2020,1.2
19/01/2020,0.9
20/01/2020,0.1
21/01/2020,0.4
22/01/2020,0
23/01/2020,1.3
24/01/2020,0
25/01/2020,0.3
26/01/2020,0
27/01/2020,0.6
28/01/2020,4.1
29/01/2020,0.4
30/01/2020,1.3
31/01/2020,3.3
01/02/2020,7.6
02/02/2020,0
03/02/2020,0
04/02/2020,0.3
05/02/2020,0.5
06/02/2020,0.6
07/02/2020,0
08/02/2020,0
09/02/2020,4.2
10/02/2020,4.5
11/02/2020,0
12/02/2020,0
13/02/2020,0
14/02/2020,0
15/02/2020,0.3
16/02/2020,5.2
17/02/2020,0
18/02/2020,1.3
19/02/2020,0
20/02/2020,1.3
21/02/2020,0
22/02/2020,0
23/02/2020,1.3
24/02/2020,0
25/02/2020,0
26/02/2020,0
27/02/2020,0
28/02/2020,0
29/02/2020,3.5
01/03/2020,0
02/03/2020,0
03/03/2020,0
04/03/2020,0.3
05/03/2020,1.4
06/03/2020,0
07/03/2020,0
08/03/2020,8.4
09/03/2020,0
10/03/2020,1.2
11/03/2020,3.6
12/03/2020,1.3
13/03/2020,0.3
14/03/2020,0.5
15/03/2020,0.6
16/03/2020,0.8
17/03/2020,0
18/03/2020,0.6
19/03/2020,0
20/03/2020,0
21/03/2020,0
22/03/2020,0
23/03/2020,0
24/03/2020,0
25/03/2020,0
26/03/2020,0
27/03/2020,0
28/03/2020,0.1
29/03/2020,0
30/03/2020,1.8
31/03/2020,0.5
01/04/2020,0.1
02/04/2020,1.2
03/04/2020,0
04/04/2020,0
05/04/2020,0
06/04/2020,0.5
07/04/2020,0
08/04/2020,1.2
09/04/2020,0.3
10/04/2020,0
11/04/2020,0
12/04/2020,7.9
13/04/2020,0
14/04/2020,5
15/04/2020,0
16/04/2020,0
17/04/2020,0
18/04/2020,0
19/04/2020,0
20/04/2020,0
21/04/2020,0
22/04/2020,0.3
23/04/2020,0.6
24/04/2020,0
25/04/2020,0
26/04/2020,0
27/04/2020,0.2
28/04/2020,0
29/04/2020,0
30/04/2020,0.3
01/05/2020,0
02/05/2020,1.5
03/05/2020,1.8
04/05/2020,0
05/05/2020,0
06/05/2020,0
07/05/2020,0
08/05/2020,0
09/05/2020,0
10/05/2020,5.6
11/05/2020,0
12/05/2020,0
13/05/2020,0
14/05/2020,0.3
15/05/2020,0
16/05/2020,0
17/05/2020,0
18/05/2020,0.3
19/05/2020,0.2
20/05/2020,0
21/05/2020,0
22/05/2020,0
23/05/2020,0
24/05/2020,0
25/05/2020,0
26/05/2020,0
27/05/2020,0
28/05/2020,0
29/05/2020,0
30/05/2020,0
31/05/2020,0
01/06/2020,0
02/06/2020,0
03/06/2020,0.6
04/06/2020,0.4
05/06/2020,0.6
06/06/2020,3.1
07/06/2020,0.2
08/06/2020,0.2
09/06/2020,0
10/06/2020,0
11/06/2020,0
12/06/2020,0
13/06/2020,0
14/06/2020,0
15/06/2020,0
16/06/2020,0
17/06/2020,0
18/06/2020,0
19/06/2020,0
20/06/2020,0
21/06/2020,0
22/06/2020,0
23/06/2020,0
24/06/2020,0
25/06/2020,0
26/06/2020,0
27/06/2020,0
28/06/2020,0
29/06/2020,7.1
30/06/2020,11.4
01/07/2020,2.4
02/07/2020,0
03/07/2020,16
04/07/2020,4.8
05/07/2020,0
06/07/2020,1.3
07/07/2020,0
08/07/2020,0
09/07/2020,0
10/07/2020,0
11/07/2020,5.9
12/07/2020,12.1
13/07/2020,0
14/07/2020,0
15/07/2020,0
16/07/2020,0.2
17/07/2020,9.2
18/07/2020,0.6
19/07/2020,6.9
20/07/2020,8.7
21/07/2020,14.1
22/07/2020,30.1
23/07/2020,17
24/07/2020,2.9
25/07/2020,0.7
26/07/2020,0
27/07/2020,0
28/07/2020,0.6
29/07/2020,0
30/07/2020,0.6
31/07/2020,1
01/08/2020,0.7
02/08/2020,0
03/08/2020,0
04/08/2020,0
05/08/2020,8.6
06/08/2020,0
07/08/2020,0
08/08/2020,17.1
09/08/2020,0
10/08/2020,0
11/08/2020,0
12/08/2020,0
13/08/2020,11.2
14/08/2020,1.5
15/08/2020,1.4
16/08/2020,0.3
17/08/2020,0
18/08/2020,0
19/08/2020,0
20/08/2020,0
21/08/2020,0.2
22/08/2020,3
23/08/2020,29.4
24/08/2020,0
25/08/2020,0.8
26/08/2020,5.9
27/08/2020,0
28/08/2020,0.3
29/08/2020,0
30/08/2020,0
31/08/2020,0.2
01/09/2020,0.1
02/09/2020,0
03/09/2020,0.7
04/09/2020,7.9
05/09/2020,1.8
06/09/2020,0.8
07/09/2020,0
08/09/2020,0
09/09/2020,0
10/09/2020,0
11/09/2020,0
12/09/2020,0
13/09/2020,2.9
14/09/2020,0
15/09/2020,1.4
16/09/2020,0.6
17/09/2020,1.2
18/09/2020,0
19/09/2020,0.2
20/09/2020,1
21/09/2020,1.1
22/09/2020,0
23/09/2020,0
24/09/2020,5.5
25/09/2020,0.4
26/09/2020,0
27/09/2020,0
28/09/2020,0
29/09/2020,0
30/09/2020,0
01/10/2020,0
02/10/2020,0
03/10/2020,0
04/10/2020,0.1
05/10/2020,0.9
06/10/2020,1.7
07/10/2020,2
08/10/2020,1.1
09/10/2020,0.9
10/10/2020,0
11/10/2020,0
12/10/2020,0
13/10/2020,0
14/10/2020,0
15/10/2020,0
16/10/2020,3.5
17/10/2020,0.8
18/10/2020,0
19/10/2020,0
20/10/2020,0.3
21/10/2020,1.2
22/10/2020,5.2
23/10/2020,2.2
24/10/2020,0.2
25/10/2020,5.8
26/10/2020,0.4
27/10/2020,0
28/10/2020,0
29/10/2020,0
30/10/2020,0
31/10/2020,0
01/11/2020,1.1
02/11/2020,7.2
03/11/2020,0
04/11/2020,0.8
05/11/2020,0.9
06/11/2020,2
07/11/2020,1.6
08/11/2020,1.3
09/11/2020,0
10/11/2020,0
11/11/2020,0
12/11/2020,0
13/11/2020,0.2
14/11/2020,0.9
15/11/2020,0.4
16/11/2020,0.2
17/11/2020,0
18/11/2020,0.4
19/11/2020,0
20/11/2020,0
21/11/2020,1
22/11/2020,0.2
23/11/2020,0.2
24/11/2020,0
25/11/2020,1.1
26/11/2020,0
27/11/2020,0
28/11/2020,0
29/11/2020,0.1
30/11/2020,0
01/12/2020,0
02/12/2020,0
03/12/2020,0
04/12/2020,0
05/12/2020,0
06/12/2020,1.2
07/12/2020,1.4
08/12/2020,0.6
09/12/2020,0.4
10/12/2020,2.2
11/12/2020,0.8
12/12/2020,1.9
13/12/2020,0.5
14/12/2020,1
15/12/2020,0.8
16/12/2020,0.2
17/12/2020,0.4
18/12/2020,0
19/12/2020,1.4
20/12/2020,0.4
21/12/2020,0
22/12/2020,0
23/12/2020,3.8
24/12/2020,0.3
25/12/2020,0.2
26/12/2020,4
27/12/2020,9.2
28/12/2020,0.7
29/12/2020,0.7
30/12/2020,2
31/12/2020,1
01/01/2021,0.2
02/01/2021,0.2
03/01/2021,0
04/01/2021,0
05/01/2021,0.2
06/01/2021,0.1
07/01/2021,0.2
08/01/2021,0.3
09/01/2021,0.4
10/01/2021,0
11/01/2021,1.1
12/01/2021,0.2
13/01/2021,0.6
14/01/2021,0
15/01/2021,0
16/01/2021,0
17/01/2021,0
18/01/2021,0
19/01/2021,0.9
20/01/2021,0.5
21/01/2021,2.7
22/01/2021,1.5
23/01/2021,1.3
24/01/2021,0.8
25/01/2021,0
26/01/2021,0.6
27/01/2021,0.9
28/01/2021,2.3
29/01/2021,0.7
30/01/2021,1.3
31/01/2021,0.4
01/02/2021,0.3
02/02/2021,0.2
03/02/2021,0
04/02/2021,0
05/02/2021,2.2
06/02/2021,0
07/02/2021,0
08/02/2021,0
09/02/2021,0
10/02/2021,0.2
11/02/2021,3.3
12/02/2021,0.3
13/02/2021,0
14/02/2021,0.5
15/02/2021,1.4
16/02/2021,0
17/02/2021,0
18/02/2021,0.6
19/02/2021,0.5
20/02/2021,3.3
21/02/2021,5.2
22/02/2021,1.5
23/02/2021,0.2
24/02/2021,0.5
25/02/2021,0
26/02/2021,0
27/02/2021,0.3
28/02/2021,2.4
01/03/2021,2.6
02/03/2021,0
03/03/2021,0
04/03/2021,0.5
05/03/2021,0
06/03/2021,1
07/03/2021,0
08/03/2021,0
09/03/2021,0
10/03/2021,0
11/03/2021,0.2
12/03/2021,0.5
13/03/2021,0.7
14/03/2021,0
15/03/2021,0.3
16/03/2021,0.7
17/03/2021,0
18/03/2021,0
19/03/2021,0.6
20/03/2021,4.3
21/03/2021,0
22/03/2021,0.2
23/03/2021,3.6
24/03/2021,0.1
25/03/2021,0
26/03/2021,0
27/03/2021,0.8
28/03/2021,0
29/03/2021,0.1
30/03/2021,0.5
31/03/2021,0
01/04/2021,0.3
02/04/2021,0
03/04/2021,0
04/04/2021,0.6
05/04/2021,7.5
06/04/2021,3.7
07/04/2021,0
08/04/2021,0
09/04/2021,0
10/04/2021,0
11/04/2021,0
12/04/2021,0
13/04/2021,0
14/04/2021,0
15/04/2021,0
16/04/2021,0
17/04/2021,0
18/04/2021,0
19/04/2021,0
20/04/2021,0
21/04/2021,5.8
22/04/2021,0
23/04/2021,0
24/04/2021,0
25/04/2021,0
26/04/2021,0
27/04/2021,0
28/04/2021,0.9
29/04/2021,0.8
30/04/2021,0
01/05/2021,0.9
02/05/2021,1.7
03/05/2021,0.1
04/05/2021,0
05/05/2021,0
06/05/2021,0.3
07/05/2021,0.5
08/05/2021,0
09/05/2021,0
10/05/2021,0.2
11/05/2021,3.5
12/05/2021,0
13/05/2021,4.4
14/05/2021,1.5
15/05/2021,0
16/05/2021,0
17/05/2021,6
18/05/2021,0
19/05/2021,0
20/05/2021,1
21/05/2021,0
22/05/2021,0
23/05/2021,0
24/05/2021,0
25/05/2021,0
26/05/2021,0
27/05/2021,0
28/05/2021,0
29/05/2021,0
30/05/2021,0.2
31/05/2021,0
01/06/2021,0
02/06/2021,0
03/06/2021,0
04/06/2021,0
05/06/2021,0
06/06/2021,0
07/06/2021,0
08/06/2021,0
09/06/2021,0
10/06/2021,0
11/06/2021,8.3
12/06/2021,22.8
13/06/2021,0.8
14/06/2021,0
15/06/2021,0
16/06/2021,0
17/06/2021,0
18/06/2021,0
19/06/2021,0
20/06/2021,0
21/06/2021,2.8
22/06/2021,0.2
23/06/2021,0
24/06/2021,0
25/06/2021,0
26/06/2021,0
27/06/2021,0
28/06/2021,0
29/06/2021,0
30/06/2021,0
01/07/2021,0
02/07/2021,0
03/07/2021,0
04/07/2021,0
05/07/2021,0
06/07/2021,0
07/07/2021,2.1
08/07/2021,0
09/07/2021,0
10/07/2021,0
11/07/2021,0
12/07/2021,2.5
13/07/2021,0.2
14/07/2021,0
15/07/2021,7.7
16/07/2021,0.3
17/07/2021,0
18/07/2021,0
19/07/2021,0.9
20/07/2021,0.8
21/07/2021,0.3
22/07/2021,0
23/07/2021,0
24/07/2021,0
25/07/2021,0.2
26/07/2021,0
27/07/2021,0
28/07/2021,0
29/07/2021,0
30/07/2021,0.7
31/07/2021,3.3
01/08/2021,1.4
02/08/2021,0
03/08/2021,0
04/08/2021,0
05/08/2021,0
06/08/2021,1.8
07/08/2021,0
08/08/2021,0.3
09/08/2021,6.3
10/08/2021,0.3
11/08/2021,0
12/08/2021,0.1
13/08/2021,0
14/08/2021,0
15/08/2021,0
16/08/2021,0
17/08/2021,0
18/08/2021,15
19/08/2021,3.1
20/08/2021,0.2
21/08/2021,0.4
22/08/2021,0.6
23/08/2021,0
24/08/2021,1.7
25/08/2021,0
26/08/2021,0
27/08/2021,0
28/08/2021,0
29/08/2021,0
30/08/2021,0
31/08/2021,0
01/09/2021,0.5
02/09/2021,0.1
03/09/2021,0.1
04/09/2021,0
05/09/2021,3.7
06/09/2021,0.4
07/09/2021,6.2
08/09/2021,1.4
09/09/2021,0
10/09/2021,0
11/09/2021,0
12/09/2021,5.4
13/09/2021,7.8
14/09/2021,1
15/09/2021,0
16/09/2021,0
17/09/2021,0
18/09/2021,0
19/09/2021,0
20/09/2021,0
21/09/2021,1.1
22/09/2021,1.3
23/09/2021,4.4
24/09/2021,5.6
25/09/2021,0.8
26/09/2021,0
27/09/2021,0
28/09/2021,0
29/09/2021,0
30/09/2021,0
01/10/2021,0
02/10/2021,0
03/10/2021,1.4
04/10/2021,0.2
05/10/2021,0
06/10/2021,0.3
07/10/2021,0
08/10/2021,2
09/10/2021,3.8
10/10/2021,4.7
11/10/2021,10
12/10/2021,0
13/10/2021,0
14/10/2021,5.4
15/10/2021,0
16/10/2021,0.3
17/10/2021,0
18/10/2021,0
19/10/2021,0.3
20/10/2021,4.6
21/10/2021,2.2
22/10/2021,0
23/10/2021,0
24/10/2021,6
25/10/2021,6.2
26/10/2021,9.3
27/10/2021,6.3
28/10/2021,0.7
29/10/2021,0
30/10/2021,8.7
31/10/2021,0.3
01/11/2021,0.8
02/11/2021,0
03/11/2021,0
04/11/2021,1.7
05/11/2021,1
06/11/2021,1.1
07/11/2021,0
08/11/2021,0
09/11/2021,0.8
10/11/2021,0
11/11/2021,5.3
12/11/2021,2.8
13/11/2021,0
14/11/2021,0.8
15/11/2021,0
16/11/2021,0
17/11/2021,2.2
18/11/2021,0
19/11/2021,0.5
20/11/2021,3.4
21/11/2021,0
22/11/2021,0
23/11/2021,0.1
24/11/2021,0
25/11/2021,1.3
26/11/2021,1.3
27/11/2021,0.4
28/11/2021,0.3
29/11/2021,0.2
30/11/2021,0.8
01/12/2021,8.7
02/12/2021,0.2
03/12/2021,0.2
04/12/2021,0
05/12/2021,0
06/12/2021,0
07/12/2021,0.6
08/12/2021,0.5
09/12/2021,0.7
10/12/2021,0.1
11/12/2021,3
12/12/2021,0.2
13/12/2021,0.6
14/12/2021,0.5
15/12/2021,0
16/12/2021,0
17/12/2021,1.2
18/12/2021,1.3
19/12/2021,0.2
20/12/2021,0
21/12/2021,0
22/12/2021,3.1
23/12/2021,0.1
24/12/2021,0.4
25/12/2021,0.2
26/12/2021,0.1
27/12/2021,0
28/12/2021,0
29/12/2021,2.2
30/12/2021,0.5
31/12/2021,0
01/01/2022,0
02/01/2022,6.5
03/01/2022,2.1
04/01/2022,3.3
05/01/2022,0.8
06/01/2022,0
07/01/2022,0
08/01/2022,0
09/01/2022,0.3
10/01/2022,0.1
11/01/2022,0.3
12/01/2022,0.2
13/01/2022,2
14/01/2022,0.2
15/01/2022,3.3
16/01/2022,4.3
17/01/2022,0.2
18/01/2022,0.2
19/01/2022,0
20/01/2022,0.1
21/01/2022,0
22/01/2022,1.3
23/01/2022,0.5
24/01/2022,0.7
25/01/2022,0.5
26/01/2022,0
27/01/2022,1.1
28/01/2022,0
29/01/2022,0
30/01/2022,0
31/01/2022,0
01/02/2022,0
02/02/2022,0.8
03/02/2022,1.2
04/02/2022,4.6
05/02/2022,0.6
06/02/2022,1.6
07/02/2022,0.4
08/02/2022,1.1
09/02/2022,0.4
10/02/2022,0
11/02/2022,0
12/02/2022,0
13/02/2022,3.5
14/02/2022,0
15/02/2022,0
16/02/2022,0.3
17/02/2022,2.9
18/02/2022,5
19/02/2022,0
20/02/2022,0.4
21/02/2022,0.6
22/02/2022,0
23/02/2022,0.7
24/02/2022,0
25/02/2022,0.4
26/02/2022,0.7
27/02/2022,1.7
28/02/2022,0
01/03/2022,0.6
02/03/2022,0
03/03/2022,0.3
04/03/2022,0.7
05/03/2022,1.9
06/03/2022,0.3
07/03/2022,1.1
08/03/2022,0
09/03/2022,0.3
10/03/2022,0
11/03/2022,0
12/03/2022,0
13/03/2022,0
14/03/2022,0
15/03/2022,0
16/03/2022,0
17/03/2022,0
18/03/2022,0
19/03/2022,0.9
20/03/2022,0
21/03/2022,0
22/03/2022,0
23/03/2022,0.2
24/03/2022,0.3
25/03/2022,1.2
26/03/2022,0
27/03/2022,2.1
28/03/2022,0
29/03/2022,0
30/03/2022,0
31/03/2022,0
01/04/2022,0
02/04/2022,1.3
03/04/2022,0
04/04/2022,0.3
05/04/2022,8.7
06/04/2022,1.9
07/04/2022,0.6
08/04/2022,6.8
09/04/2022,6.9
10/04/2022,1.9
11/04/2022,0
12/04/2022,0
13/04/2022,0
14/04/2022,0
15/04/2022,0
16/04/2022,0
17/04/2022,0.7
18/04/2022,0
19/04/2022,0
20/04/2022,0
21/04/2022,0
22/04/2022,0
23/04/2022,0
24/04/2022,0.7
25/04/2022,0.5
26/04/2022,0
27/04/2022,0.8
28/04/2022,0
29/04/2022,0.1
30/04/2022,0
01/05/2022,5
02/05/2022,5.7
03/05/2022,0
04/05/2022,0
05/05/2022,0
06/05/2022,0
07/05/2022,0.3
08/05/2022,0
09/05/2022,0
10/05/2022,2.2
11/05/2022,1.8
12/05/2022,0
13/05/2022,0
14/05/2022,5.8
15/05/2022,0
16/05/2022,0
17/05/2022,0.1
18/05/2022,0
19/05/2022,0
20/05/2022,0
21/05/2022,0
22/05/2022,0
23/05/2022,0
24/05/2022,0
25/05/2022,0
26/05/2022,0.2
27/05/2022,5.8
28/05/2022,2.4
29/05/2022,0.3
30/05/2022,0
31/05/2022,0
01/06/2022,0.3
02/06/2022,4.8
03/06/2022,2.5
04/06/2022,0
05/06/2022,0
06/06/2022,0
07/06/2022,0
08/06/2022,0
09/06/2022,0
10/06/2022,0
11/06/2022,8.9
12/06/2022,0
13/06/2022,15.1
14/06/2022,0
15/06/2022,0
16/06/2022,0
17/06/2022,0
18/06/2022,4
19/06/2022,0.2
20/06/2022,0
21/06/2022,14.4
22/06/2022,1
23/06/2022,3.3
24/06/2022,0
25/06/2022,1.4
26/06/2022,0
27/06/2022,0.3
28/06/2022,0
29/06/2022,0
30/06/2022,0
01/07/2022,3.8
02/07/2022,0
03/07/2022,0
04/07/2022,0.2
05/07/2022,9.6
06/07/2022,0
07/07/2022,1
08/07/2022,0.4
09/07/2022,5.1
10/07/2022,3.1
11/07/2022,0
12/07/2022,0
13/07/2022,0
14/07/2022,39
15/07/2022,24.4
16/07/2022,43.2
17/07/2022,0.8
18/07/2022,0
19/07/2022,0.2
20/07/2022,1.2
21/07/2022,4.5
22/07/2022,1
23/07/2022,0
24/07/2022,0
25/07/2022,2.1
26/07/2022,10.3
27/07/2022,6.6
28/07/2022,0
29/07/2022,0
30/07/2022,0
31/07/2022,1.1
01/08/2022,0
02/08/2022,3.7
03/08/2022,0.4
04/08/2022,0
05/08/2022,1.8
06/08/2022,5.9
07/08/2022,0
08/08/2022,0.2
09/08/2022,0.8
10/08/2022,0.6
11/08/2022,0
12/08/2022,0
13/08/2022,0
14/08/2022,0
15/08/2022,0.4
16/08/2022,17.5
17/08/2022,16.9
18/08/2022,0
19/08/2022,0
20/08/2022,26.2
21/08/2022,5.6
22/08/2022,3.1
23/08/2022,0
24/08/2022,0
25/08/2022,0
26/08/2022,0
27/08/2022,1.6
28/08/2022,0
29/08/2022,2.8
30/08/2022,0
31/08/2022,0.1
01/09/2022,0.8
02/09/2022,0
03/09/2022,0
04/09/2022,0
05/09/2022,0
06/09/2022,0
07/09/2022,0.7
08/09/2022,0.1
09/09/2022,0
10/09/2022,0
11/09/2022,0
12/09/2022,0
13/09/2022,6.9
14/09/2022,14.9
15/09/2022,2.5
16/09/2022,1.5
17/09/2022,0.1
18/09/2022,0.2
19/09/2022,0
20/09/2022,0
21/09/2022,2.8
22/09/2022,0
23/09/2022,0.6
24/09/2022,9.7
25/09/2022,0
26/09/2022,0
27/09/2022,0
28/09/2022,0
29/09/2022,0
30/09/2022,0
01/10/2022,0.5
02/10/2022,0
03/10/2022,0.3
04/10/2022,0.3
05/10/2022,11.1
06/10/2022,4.2
07/10/2022,0
08/10/2022,0
09/10/2022,0
10/10/2022,0
11/10/2022,0
12/10/2022,1.1
13/10/2022,1.3
14/10/2022,0
15/10/2022,8.2
16/10/2022,0
17/10/2022,0
18/10/2022,0.3
19/10/2022,0
20/10/2022,1.8
21/10/2022,0
22/10/2022,1.3
23/10/2022,0.2
24/10/2022,0
25/10/2022,0
26/10/2022,0
27/10/2022,0.7
28/10/2022,1.1
29/10/2022,1.1
30/10/2022,0.8
31/10/2022,2.1
01/11/2022,0
02/11/2022,0
03/11/2022,0
04/11/2022,0
05/11/2022,3.4
06/11/2022,6.3
07/11/2022,0.4
08/11/2022,0
09/11/2022,1.6
10/11/2022,4.5
11/11/2022,3.2
12/11/2022,2.6
13/11/2022,0
14/11/2022,0
15/11/2022,0
16/11/2022,0
17/11/2022,0
18/11/2022,0
19/11/2022,0
20/11/2022,0
21/11/2022,0
22/11/2022,0.2
23/11/2022,0.6
24/11/2022,1.7
25/11/2022,0
26/11/2022,0.2
27/11/2022,0
28/11/2022,0.2
29/11/2022,0
30/11/2022,0.4
01/12/2022,0.9
02/12/2022,0.1
03/12/2022,0.1
04/12/2022,4.3
05/12/2022,0.8
06/12/2022,1.7
07/12/2022,1.3
08/12/2022,1.3
09/12/2022,0.7
10/12/2022,1.1
11/12/2022,0.8
12/12/2022,0
13/12/2022,2
14/12/2022,3.1
15/12/2022,1.3
16/12/2022,0
17/12/2022,0
18/12/2022,0.7
19/12/2022,0.3
20/12/2022,6.3
21/12/2022,1.6
22/12/2022,0.2
23/12/2022,1.7
24/12/2022,0
25/12/2022,0.7
26/12/2022,0
27/12/2022,0.8
28/12/2022,0
29/12/2022,0.7
30/12/2022,1.5
31/12/2022,3.5
