Datum,Snödjup
01/01/1947,0.25
02/01/1947,0.24
03/01/1947,0.24
04/01/1947,0.23
05/01/1947,0.23
06/01/1947,0.23
07/01/1947,0.23
08/01/1947,0.24
09/01/1947,0.24
10/01/1947,0.24
11/01/1947,0.24
12/01/1947,0.24
13/01/1947,0.25
14/01/1947,0.25
15/01/1947,0.25
16/01/1947,0.27
17/01/1947,0.27
18/01/1947,0.26
19/01/1947,0.27
20/01/1947,0.3
21/01/1947,0.34
22/01/1947,0.32
23/01/1947,0.36
24/01/1947,0.35
25/01/1947,0.35
26/01/1947,0.34
27/01/1947,0.33
28/01/1947,0.33
29/01/1947,0.32
30/01/1947,0.32
31/01/1947,0.32
01/02/1947,0.32
02/02/1947,0.33
03/02/1947,0.34
04/02/1947,0.35
05/02/1947,0.35
06/02/1947,0.34
07/02/1947,0.34
08/02/1947,0.34
09/02/1947,0.34
10/02/1947,0.34
11/02/1947,0.34
12/02/1947,0.34
13/02/1947,0.34
14/02/1947,0.34
15/02/1947,0.34
16/02/1947,0.34
17/02/1947,0.36
18/02/1947,0.37
19/02/1947,0.37
20/02/1947,0.36
21/02/1947,0.42
22/02/1947,0.41
23/02/1947,0.41
24/02/1947,0.41
25/02/1947,0.4
26/02/1947,0.4
27/02/1947,0.4
28/02/1947,0.4
01/03/1947,0.4
02/03/1947,0.43
03/03/1947,0.42
04/03/1947,0.43
05/03/1947,0.45
06/03/1947,0.45
07/03/1947,0.45
08/03/1947,0.44
09/03/1947,0.44
10/03/1947,0.44
11/03/1947,0.43
12/03/1947,0.43
13/03/1947,0.43
14/03/1947,0.43
15/03/1947,0.43
16/03/1947,0.43
17/03/1947,0.43
18/03/1947,0.43
19/03/1947,0.43
20/03/1947,0.43
21/03/1947,0.43
22/03/1947,0.43
23/03/1947,0.43
24/03/1947,0.51
25/03/1947,0.49
26/03/1947,0.48
27/03/1947,0.47
28/03/1947,0.45
29/03/1947,0.54
30/03/1947,0.53
31/03/1947,0.52
01/04/1947,0.5
02/04/1947,0.49
03/04/1947,0.49
04/04/1947,0.54
05/04/1947,0.52
06/04/1947,0.5
07/04/1947,0.55
08/04/1947,0.59
09/04/1947,0.57
10/04/1947,0.56
11/04/1947,0.55
12/04/1947,0.56
13/04/1947,0.53
14/04/1947,0.52
15/04/1947,0.52
16/04/1947,0.52
17/04/1947,0.52
18/04/1947,0.56
19/04/1947,0.54
20/04/1947,0.52
21/04/1947,0.53
22/04/1947,0.54
23/04/1947,0.48
24/04/1947,0.41
25/04/1947,0.42
26/04/1947,0.38
27/04/1947,0.35
28/04/1947,0.36
29/04/1947,0.35
30/04/1947,0.34
01/05/1947,0.33
02/05/1947,0.33
03/05/1947,0.31
04/05/1947,0.27
05/05/1947,0.22
06/05/1947,0.17
07/05/1947,0.06
04/10/1947,0.01
06/10/1947,0.01
01/12/1947,0.38
02/12/1947,0.41
03/12/1947,0.52
04/12/1947,0.53
05/12/1947,0.68
06/12/1947,0.65
07/12/1947,0.63
08/12/1947,0.62
09/12/1947,0.59
10/12/1947,0.57
11/12/1947,0.56
12/12/1947,0.54
13/12/1947,0.67
14/12/1947,0.64
15/12/1947,0.63
16/12/1947,0.62
17/12/1947,0.61
18/12/1947,0.6
19/12/1947,0.59
20/12/1947,0.58
21/12/1947,0.59
22/12/1947,0.61
23/12/1947,0.6
24/12/1947,0.59
25/12/1947,0.59
26/12/1947,0.63
27/12/1947,0.63
28/12/1947,0.63
29/12/1947,0.63
30/12/1947,0.62
31/12/1947,0.61
01/01/1948,0.6
02/01/1948,0.6
03/01/1948,0.6
04/01/1948,0.6
05/01/1948,0.6
06/01/1948,0.6
07/01/1948,0.61
08/01/1948,0.61
09/01/1948,0.61
10/01/1948,0.61
11/01/1948,0.6
12/01/1948,0.6
13/01/1948,0.61
14/01/1948,0.65
15/01/1948,0.65
16/01/1948,0.65
17/01/1948,0.65
18/01/1948,0.65
19/01/1948,0.67
20/01/1948,0.7
21/01/1948,0.7
22/01/1948,0.75
23/01/1948,0.75
24/01/1948,0.75
25/01/1948,0.75
26/01/1948,0.75
27/01/1948,0.75
28/01/1948,0.75
29/01/1948,0.75
30/01/1948,0.77
31/01/1948,0.77
01/02/1948,0.8
02/02/1948,0.82
03/02/1948,0.82
04/02/1948,0.9
05/02/1948,0.9
06/02/1948,0.88
07/02/1948,0.88
08/02/1948,0.88
09/02/1948,0.85
10/02/1948,0.85
11/02/1948,0.85
12/02/1948,0.82
13/02/1948,0.82
14/02/1948,0.82
15/02/1948,0.85
16/02/1948,0.83
17/02/1948,0.81
18/02/1948,0.81
19/02/1948,0.8
20/02/1948,0.8
21/02/1948,0.77
22/02/1948,0.77
23/02/1948,0.75
24/02/1948,0.75
25/02/1948,0.75
26/02/1948,0.75
27/02/1948,0.75
28/02/1948,0.75
29/02/1948,0.75
01/03/1948,0.71
02/03/1948,0.69
03/03/1948,0.68
04/03/1948,0.66
05/03/1948,0.66
06/03/1948,0.6
07/03/1948,0.61
08/03/1948,0.61
09/03/1948,0.62
10/03/1948,0.65
11/03/1948,0.65
12/03/1948,0.64
13/03/1948,0.63
14/03/1948,0.64
15/03/1948,0.64
16/03/1948,0.63
17/03/1948,0.63
18/03/1948,0.64
19/03/1948,0.64
20/03/1948,0.64
21/03/1948,0.65
22/03/1948,0.65
23/03/1948,0.65
24/03/1948,0.65
25/03/1948,0.65
26/03/1948,0.65
27/03/1948,0.64
28/03/1948,0.62
29/03/1948,0.61
30/03/1948,0.61
31/03/1948,0.59
01/04/1948,0.58
02/04/1948,0.56
03/04/1948,0.54
04/04/1948,0.53
05/04/1948,0.53
06/04/1948,0.52
07/04/1948,0.52
08/04/1948,0.52
09/04/1948,0.53
10/04/1948,0.56
11/04/1948,0.56
12/04/1948,0.55
13/04/1948,0.55
14/04/1948,0.53
15/04/1948,0.52
16/04/1948,0.52
17/04/1948,0.49
18/04/1948,0.46
19/04/1948,0.44
20/04/1948,0.44
21/04/1948,0.44
22/04/1948,0.39
23/04/1948,0.38
24/04/1948,0.37
25/04/1948,0.37
26/04/1948,0.32
27/04/1948,0.31
28/04/1948,0.3
29/04/1948,0.3
30/04/1948,0.3
01/05/1948,0.3
02/05/1948,0.35
03/05/1948,0.38
04/05/1948,0.34
05/05/1948,0.5
06/05/1948,0.46
07/05/1948,0.4
08/05/1948,0.35
09/05/1948,0.29
10/05/1948,0.2
11/05/1948,0.06
26/05/1948,0.08
28/09/1948,0.07
29/09/1948,0.04
30/09/1948,0.03
01/10/1948,0.03
02/10/1948,0.02
03/10/1948,0.05
04/10/1948,0.04
05/10/1948,0.04
06/10/1948,0.04
02/11/1948,0.01
03/11/1948,0.01
04/11/1948,0.02
05/11/1948,0.01
06/11/1948,0.17
07/11/1948,0.15
08/11/1948,0.15
09/11/1948,0.14
10/11/1948,0.14
11/11/1948,0.16
12/11/1948,0.15
13/11/1948,0.13
14/11/1948,0.13
15/11/1948,0.13
16/11/1948,0.11
17/11/1948,0.11
18/11/1948,0.12
19/11/1948,0.12
20/11/1948,0.12
21/11/1948,0.2
22/11/1948,0.17
23/11/1948,0.16
24/11/1948,0.16
25/11/1948,0.16
26/11/1948,0.15
27/11/1948,0.12
28/11/1948,0.09
29/11/1948,0.09
30/11/1948,0.09
01/12/1948,0.09
02/12/1948,0.09
03/12/1948,0.18
04/12/1948,0.18
05/12/1948,0.26
06/12/1948,0.24
07/12/1948,0.23
08/12/1948,0.22
09/12/1948,0.22
10/12/1948,0.21
11/12/1948,0.21
12/12/1948,0.21
13/12/1948,0.2
14/12/1948,0.24
15/12/1948,0.23
16/12/1948,0.26
17/12/1948,0.27
18/12/1948,0.26
19/12/1948,0.24
20/12/1948,0.25
21/12/1948,0.24
22/12/1948,0.24
23/12/1948,0.26
24/12/1948,0.26
25/12/1948,0.26
26/12/1948,0.25
27/12/1948,0.25
28/12/1948,0.25
29/12/1948,0.23
30/12/1948,0.24
31/12/1948,0.24
01/01/1949,0.27
02/01/1949,0.27
03/01/1949,0.3
04/01/1949,0.3
05/01/1949,0.29
06/01/1949,0.29
07/01/1949,0.29
08/01/1949,0.29
09/01/1949,0.3
10/01/1949,0.3
11/01/1949,0.31
12/01/1949,0.33
13/01/1949,0.33
14/01/1949,0.33
15/01/1949,0.34
16/01/1949,0.34
17/01/1949,0.33
18/01/1949,0.36
19/01/1949,0.48
20/01/1949,0.51
21/01/1949,0.5
22/01/1949,0.5
23/01/1949,0.49
24/01/1949,0.44
25/01/1949,0.44
26/01/1949,0.42
27/01/1949,0.45
28/01/1949,0.41
29/01/1949,0.42
30/01/1949,0.42
31/01/1949,0.42
01/02/1949,0.42
02/02/1949,0.41
03/02/1949,0.4
04/02/1949,0.44
05/02/1949,0.44
06/02/1949,0.44
07/02/1949,0.43
08/02/1949,0.43
09/02/1949,0.43
10/02/1949,0.44
11/02/1949,0.45
12/02/1949,0.45
13/02/1949,0.45
14/02/1949,0.45
15/02/1949,0.45
16/02/1949,0.45
17/02/1949,0.45
18/02/1949,0.47
19/02/1949,0.47
20/02/1949,0.47
21/02/1949,0.46
22/02/1949,0.46
23/02/1949,0.46
24/02/1949,0.46
25/02/1949,0.46
26/02/1949,0.49
27/02/1949,0.49
28/02/1949,0.49
01/03/1949,0.49
02/03/1949,0.5
03/03/1949,0.5
04/03/1949,0.5
05/03/1949,0.49
06/03/1949,0.48
07/03/1949,0.47
08/03/1949,0.47
09/03/1949,0.47
10/03/1949,0.47
11/03/1949,0.47
12/03/1949,0.46
13/03/1949,0.49
14/03/1949,0.51
15/03/1949,0.58
16/03/1949,0.6
17/03/1949,0.61
18/03/1949,0.59
19/03/1949,0.58
20/03/1949,0.56
21/03/1949,0.55
22/03/1949,0.54
23/03/1949,0.53
24/03/1949,0.56
25/03/1949,0.55
26/03/1949,0.55
27/03/1949,0.57
28/03/1949,0.56
29/03/1949,0.51
30/03/1949,0.51
31/03/1949,0.52
01/04/1949,0.52
02/04/1949,0.51
03/04/1949,0.51
04/04/1949,0.53
05/04/1949,0.56
06/04/1949,0.53
07/04/1949,0.68
08/04/1949,0.64
09/04/1949,0.61
10/04/1949,0.6
11/04/1949,0.59
12/04/1949,0.58
13/04/1949,0.58
14/04/1949,0.58
15/04/1949,0.58
16/04/1949,0.54
17/04/1949,0.51
18/04/1949,0.48
19/04/1949,0.44
20/04/1949,0.43
21/04/1949,0.49
22/04/1949,0.48
23/04/1949,0.53
24/04/1949,0.51
25/04/1949,0.5
26/04/1949,0.5
27/04/1949,0.44
28/04/1949,0.45
29/04/1949,0.44
30/04/1949,0.4
01/05/1949,0.41
02/05/1949,0.41
03/05/1949,0.4
04/05/1949,0.4
05/05/1949,0.4
06/05/1949,0.31
07/05/1949,0.28
08/05/1949,0.23
09/05/1949,0.17
10/05/1949,0.11
11/05/1949,0.06
12/05/1949,0.02
22/05/1949,0.06
23/05/1949,0.07
24/05/1949,0.06
25/05/1949,0.03
03/10/1949,0.1
04/10/1949,0.1
05/10/1949,0.1
06/10/1949,0.18
07/10/1949,0.17
08/10/1949,0.17
09/10/1949,0.17
10/10/1949,0.16
11/10/1949,0.12
12/10/1949,0.11
13/10/1949,0.11
14/10/1949,0.08
15/10/1949,0.06
22/10/1949,0.02
23/10/1949,0.02
24/10/1949,0.01
25/10/1949,0.13
26/10/1949,0.14
27/10/1949,0.13
28/10/1949,0.13
29/10/1949,0.13
30/10/1949,0.12
31/10/1949,0.11
01/11/1949,0.11
02/11/1949,0.11
03/11/1949,0.11
04/11/1949,0.08
05/11/1949,0.05
06/11/1949,0.05
07/11/1949,0.05
08/11/1949,0.06
09/11/1949,0.08
10/11/1949,0.08
11/11/1949,0.1
12/11/1949,0.1
13/11/1949,0.13
14/11/1949,0.14
15/11/1949,0.15
16/11/1949,0.14
17/11/1949,0.14
18/11/1949,0.13
19/11/1949,0.12
20/11/1949,0.12
21/11/1949,0.12
22/11/1949,0.12
23/11/1949,0.12
24/11/1949,0.12
25/11/1949,0.12
26/11/1949,0.16
27/11/1949,0.2
28/11/1949,0.24
29/11/1949,0.23
30/11/1949,0.23
01/12/1949,0.21
02/12/1949,0.21
03/12/1949,0.21
04/12/1949,0.22
05/12/1949,0.23
06/12/1949,0.23
07/12/1949,0.22
08/12/1949,0.23
09/12/1949,0.37
10/12/1949,0.37
11/12/1949,0.36
12/12/1949,0.35
13/12/1949,0.35
14/12/1949,0.38
15/12/1949,0.38
16/12/1949,0.38
17/12/1949,0.42
18/12/1949,0.42
19/12/1949,0.42
20/12/1949,0.48
21/12/1949,0.48
22/12/1949,0.47
23/12/1949,0.47
24/12/1949,0.46
25/12/1949,0.46
26/12/1949,0.52
27/12/1949,0.53
28/12/1949,0.56
29/12/1949,0.55
30/12/1949,0.55
31/12/1949,0.55
01/01/1950,0.54
02/01/1950,0.58
03/01/1950,0.57
04/01/1950,0.53
05/01/1950,0.52
06/01/1950,0.52
07/01/1950,0.51
08/01/1950,0.5
09/01/1950,0.52
10/01/1950,0.52
11/01/1950,0.52
12/01/1950,0.52
13/01/1950,0.51
14/01/1950,0.52
15/01/1950,0.52
16/01/1950,0.52
17/01/1950,0.51
18/01/1950,0.5
19/01/1950,0.5
20/01/1950,0.5
21/01/1950,0.5
22/01/1950,0.49
23/01/1950,0.49
24/01/1950,0.49
25/01/1950,0.49
26/01/1950,0.49
27/01/1950,0.49
28/01/1950,0.48
29/01/1950,0.48
30/01/1950,0.48
31/01/1950,0.48
01/02/1950,0.48
02/02/1950,0.48
03/02/1950,0.48
04/02/1950,0.48
05/02/1950,0.49
06/02/1950,0.49
07/02/1950,0.5
08/02/1950,0.5
09/02/1950,0.5
10/02/1950,0.5
11/02/1950,0.5
12/02/1950,0.5
13/02/1950,0.5
14/02/1950,0.5
15/02/1950,0.5
16/02/1950,0.5
17/02/1950,0.52
18/02/1950,0.59
19/02/1950,0.6
20/02/1950,0.6
21/02/1950,0.59
22/02/1950,0.57
23/02/1950,0.57
24/02/1950,0.56
25/02/1950,0.57
26/02/1950,0.58
27/02/1950,0.57
28/02/1950,0.57
01/03/1950,0.57
02/03/1950,0.57
03/03/1950,0.57
04/03/1950,0.59
05/03/1950,0.6
06/03/1950,0.6
07/03/1950,0.65
08/03/1950,0.64
09/03/1950,0.62
10/03/1950,0.62
11/03/1950,0.61
12/03/1950,0.61
13/03/1950,0.61
14/03/1950,0.62
15/03/1950,0.62
16/03/1950,0.62
17/03/1950,0.63
18/03/1950,0.63
19/03/1950,0.63
20/03/1950,0.62
21/03/1950,0.61
22/03/1950,0.61
23/03/1950,0.61
24/03/1950,0.61
25/03/1950,0.61
26/03/1950,0.6
27/03/1950,0.6
28/03/1950,0.6
29/03/1950,0.6
30/03/1950,0.6
31/03/1950,0.59
01/04/1950,0.62
02/04/1950,0.66
03/04/1950,0.66
04/04/1950,0.72
05/04/1950,0.76
06/04/1950,0.89
07/04/1950,0.84
08/04/1950,0.82
09/04/1950,0.88
10/04/1950,0.96
11/04/1950,0.88
12/04/1950,0.84
13/04/1950,0.92
14/04/1950,0.88
15/04/1950,0.84
16/04/1950,0.81
17/04/1950,0.78
18/04/1950,0.76
19/04/1950,0.73
20/04/1950,0.72
21/04/1950,0.7
22/04/1950,0.67
23/04/1950,0.64
24/04/1950,0.62
25/04/1950,0.61
26/04/1950,0.59
27/04/1950,0.59
28/04/1950,0.66
29/04/1950,0.69
30/04/1950,0.65
01/05/1950,0.62
02/05/1950,0.59
03/05/1950,0.57
04/05/1950,0.54
05/05/1950,0.51
06/05/1950,0.48
07/05/1950,0.44
08/05/1950,0.37
09/05/1950,0.27
10/05/1950,0.22
11/05/1950,0.17
12/05/1950,0.11
13/05/1950,0.05
14/05/1950,0.03
15/05/1950,0.02
16/05/1950,0.01
27/05/1950,0.13
28/05/1950,0.06
13/10/1950,0.01
14/10/1950,0.01
15/10/1950,0.01
16/10/1950,0.03
20/10/1950,0.01
21/10/1950,0.01
22/10/1950,0.01
23/10/1950,0.01
24/10/1950,0.01
25/10/1950,0.01
26/10/1950,0.01
27/10/1950,0.01
01/11/1950,0
02/11/1950,0
03/11/1950,0.09
04/11/1950,0.07
05/11/1950,0.06
06/11/1950,0.05
07/11/1950,0.05
08/11/1950,0.05
09/11/1950,0.07
10/11/1950,0.07
11/11/1950,0.07
12/11/1950,0.11
13/11/1950,0.11
14/11/1950,0.14
15/11/1950,0.16
16/11/1950,0.2
17/11/1950,0.2
18/11/1950,0.19
19/11/1950,0.18
20/11/1950,0.18
21/11/1950,0.18
22/11/1950,0.18
23/11/1950,0.18
24/11/1950,0.19
25/11/1950,0.31
26/11/1950,0.29
27/11/1950,0.28
28/11/1950,0.28
29/11/1950,0.27
30/11/1950,0.26
01/12/1950,0.26
02/12/1950,0.39
03/12/1950,0.41
04/12/1950,0.39
05/12/1950,0.42
06/12/1950,0.4
07/12/1950,0.39
08/12/1950,0.39
09/12/1950,0.37
10/12/1950,0.36
11/12/1950,0.36
12/12/1950,0.36
13/12/1950,0.41
14/12/1950,0.48
15/12/1950,0.47
16/12/1950,0.48
17/12/1950,0.46
18/12/1950,0.45
19/12/1950,0.44
20/12/1950,0.45
21/12/1950,0.44
22/12/1950,0.43
23/12/1950,0.43
24/12/1950,0.43
25/12/1950,0.43
26/12/1950,0.43
27/12/1950,0.43
28/12/1950,0.43
29/12/1950,0.43
30/12/1950,0.42
31/12/1950,0.42
01/01/1951,0.42
02/01/1951,0.42
03/01/1951,0.42
04/01/1951,0.42
05/01/1951,0.47
06/01/1951,0.48
07/01/1951,0.47
08/01/1951,0.46
09/01/1951,0.46
10/01/1951,0.45
11/01/1951,0.45
12/01/1951,0.45
13/01/1951,0.48
14/01/1951,0.47
15/01/1951,0.59
16/01/1951,0.6
17/01/1951,0.57
18/01/1951,0.57
19/01/1951,0.56
20/01/1951,0.56
21/01/1951,0.52
22/01/1951,0.52
23/01/1951,0.52
24/01/1951,0.5
25/01/1951,0.5
26/01/1951,0.49
27/01/1951,0.49
28/01/1951,0.49
29/01/1951,0.49
30/01/1951,0.49
31/01/1951,0.49
01/02/1951,0.49
02/02/1951,0.49
03/02/1951,0.48
04/02/1951,0.48
05/02/1951,0.48
06/02/1951,0.48
07/02/1951,0.48
08/02/1951,0.53
09/02/1951,0.53
10/02/1951,0.57
11/02/1951,0.57
12/02/1951,0.56
13/02/1951,0.6
14/02/1951,0.6
15/02/1951,0.6
16/02/1951,0.6
17/02/1951,0.6
18/02/1951,0.6
19/02/1951,0.64
20/02/1951,0.66
21/02/1951,0.65
22/02/1951,0.65
23/02/1951,0.64
24/02/1951,0.64
25/02/1951,0.63
26/02/1951,0.63
27/02/1951,0.63
28/02/1951,0.62
01/03/1951,0.62
02/03/1951,0.59
03/03/1951,0.59
04/03/1951,0.56
05/03/1951,0.55
06/03/1951,0.55
07/03/1951,0.62
08/03/1951,0.62
09/03/1951,0.63
10/03/1951,0.62
11/03/1951,0.62
12/03/1951,0.61
13/03/1951,0.61
14/03/1951,0.61
15/03/1951,0.61
16/03/1951,0.61
17/03/1951,0.62
18/03/1951,0.61
19/03/1951,0.61
20/03/1951,0.61
21/03/1951,0.61
22/03/1951,0.61
23/03/1951,0.68
24/03/1951,0.65
25/03/1951,0.65
26/03/1951,0.64
27/03/1951,0.65
28/03/1951,0.65
29/03/1951,0.68
30/03/1951,0.68
31/03/1951,0.67
01/04/1951,0.67
02/04/1951,0.67
03/04/1951,0.66
04/04/1951,0.66
05/04/1951,0.68
06/04/1951,0.71
07/04/1951,0.8
08/04/1951,0.88
09/04/1951,0.82
10/04/1951,0.76
11/04/1951,0.74
12/04/1951,0.77
13/04/1951,0.79
14/04/1951,0.77
15/04/1951,0.79
16/04/1951,0.78
17/04/1951,0.84
18/04/1951,0.82
19/04/1951,0.81
20/04/1951,0.79
21/04/1951,0.79
22/04/1951,0.78
23/04/1951,0.77
24/04/1951,0.77
25/04/1951,0.72
26/04/1951,0.7
27/04/1951,0.66
28/04/1951,0.74
29/04/1951,0.68
30/04/1951,0.63
01/05/1951,0.62
02/05/1951,0.6
03/05/1951,0.6
04/05/1951,0.6
05/05/1951,0.6
06/05/1951,0.6
07/05/1951,0.6
08/05/1951,0.6
09/05/1951,0.58
10/05/1951,0.58
11/05/1951,0.55
12/05/1951,0.51
13/05/1951,0.48
14/05/1951,0.44
15/05/1951,0.4
16/05/1951,0.33
17/05/1951,0.27
18/05/1951,0.23
19/05/1951,0.15
20/05/1951,0.09
21/05/1951,0.04
22/05/1951,0.02
23/05/1951,0.02
24/05/1951,0.02
25/05/1951,0.01
04/07/1951,0
05/07/1951,0.05
06/07/1951,0
01/10/1951,0
02/10/1951,0
03/10/1951,0
04/10/1951,0
05/10/1951,0
06/10/1951,0
07/10/1951,0
08/10/1951,0
09/10/1951,0
10/10/1951,0
11/10/1951,0
12/10/1951,0
13/10/1951,0
14/10/1951,0
15/10/1951,0
16/10/1951,0
17/10/1951,0
18/10/1951,0
19/10/1951,0
20/10/1951,0
21/10/1951,0
22/10/1951,0
23/10/1951,0
24/10/1951,0.01
25/10/1951,0.01
26/10/1951,0.01
27/10/1951,0.01
28/10/1951,0
29/10/1951,0
30/10/1951,0
31/10/1951,0
01/11/1951,0.06
02/11/1951,0.06
03/11/1951,0.06
04/11/1951,0.06
05/11/1951,0.05
06/11/1951,0.05
07/11/1951,0.05
08/11/1951,0.05
09/11/1951,0.06
10/11/1951,0.06
11/11/1951,0.06
12/11/1951,0.06
13/11/1951,0.08
14/11/1951,0.1
15/11/1951,0.1
16/11/1951,0.09
17/11/1951,0.09
18/11/1951,0.12
19/11/1951,0.12
20/11/1951,0.15
21/11/1951,0.24
22/11/1951,0.2
23/11/1951,0.23
24/11/1951,0.25
25/11/1951,0.24
26/11/1951,0.25
27/11/1951,0.25
28/11/1951,0.25
29/11/1951,0.25
30/11/1951,0.24
01/12/1951,0.28
02/12/1951,0.28
03/12/1951,0.27
04/12/1951,0.29
05/12/1951,0.3
06/12/1951,0.35
07/12/1951,0.34
08/12/1951,0.33
09/12/1951,0.32
10/12/1951,0.32
11/12/1951,0.3
12/12/1951,0.31
13/12/1951,0.43
14/12/1951,0.4
15/12/1951,0.37
16/12/1951,0.37
17/12/1951,0.37
18/12/1951,0.35
19/12/1951,0.35
20/12/1951,0.35
21/12/1951,0.4
22/12/1951,0.39
23/12/1951,0.39
24/12/1951,0.37
25/12/1951,0.39
26/12/1951,0.47
27/12/1951,0.45
28/12/1951,0.44
29/12/1951,0.46
30/12/1951,0.48
31/12/1951,0.48
01/01/1952,0.56
02/01/1952,0.6
03/01/1952,0.63
04/01/1952,0.63
05/01/1952,0.62
06/01/1952,0.6
07/01/1952,0.59
08/01/1952,0.59
09/01/1952,0.55
10/01/1952,0.66
11/01/1952,0.65
12/01/1952,0.64
13/01/1952,0.64
14/01/1952,0.65
15/01/1952,0.65
16/01/1952,0.64
17/01/1952,0.64
18/01/1952,0.64
19/01/1952,0.64
20/01/1952,0.64
21/01/1952,0.63
22/01/1952,0.6
23/01/1952,0.59
24/01/1952,0.59
25/01/1952,0.59
26/01/1952,0.6
27/01/1952,0.59
28/01/1952,0.59
29/01/1952,0.6
30/01/1952,0.6
31/01/1952,0.61
01/02/1952,0.6
02/02/1952,0.62
03/02/1952,0.65
04/02/1952,0.65
05/02/1952,0.64
06/02/1952,0.64
07/02/1952,0.72
08/02/1952,0.75
09/02/1952,0.74
10/02/1952,0.76
11/02/1952,0.86
12/02/1952,0.89
13/02/1952,0.88
14/02/1952,0.86
15/02/1952,0.84
16/02/1952,0.86
17/02/1952,0.86
18/02/1952,0.85
19/02/1952,0.83
20/02/1952,0.84
21/02/1952,0.86
22/02/1952,0.85
23/02/1952,0.84
24/02/1952,0.83
25/02/1952,0.82
26/02/1952,0.81
27/02/1952,0.82
28/02/1952,0.79
29/02/1952,0.78
01/03/1952,0.78
02/03/1952,0.78
03/03/1952,0.79
04/03/1952,0.85
05/03/1952,0.88
06/03/1952,0.86
07/03/1952,0.85
08/03/1952,0.84
09/03/1952,0.86
10/03/1952,0.86
11/03/1952,0.85
12/03/1952,0.87
13/03/1952,0.89
14/03/1952,0.88
15/03/1952,0.9
16/03/1952,0.95
17/03/1952,0.94
18/03/1952,0.91
19/03/1952,0.91
20/03/1952,0.9
21/03/1952,0.88
22/03/1952,0.88
23/03/1952,0.91
24/03/1952,0.96
25/03/1952,0.96
26/03/1952,0.96
27/03/1952,0.94
28/03/1952,0.92
29/03/1952,0.92
30/03/1952,0.91
31/03/1952,0.9
01/04/1952,0.9
02/04/1952,0.9
03/04/1952,0.95
04/04/1952,0.93
05/04/1952,0.91
06/04/1952,0.9
07/04/1952,0.89
08/04/1952,0.88
09/04/1952,0.95
10/04/1952,0.9
11/04/1952,0.88
12/04/1952,0.86
13/04/1952,0.8
14/04/1952,0.78
15/04/1952,0.75
16/04/1952,0.73
17/04/1952,0.73
18/04/1952,0.72
19/04/1952,0.72
20/04/1952,0.71
21/04/1952,0.71
22/04/1952,0.71
23/04/1952,0.74
24/04/1952,0.77
25/04/1952,0.72
26/04/1952,0.67
27/04/1952,0.64
28/04/1952,0.61
29/04/1952,0.55
30/04/1952,0.5
01/05/1952,0.46
02/05/1952,0.42
03/05/1952,0.39
04/05/1952,0.37
05/05/1952,0.36
06/05/1952,0.32
07/05/1952,0.25
08/05/1952,0.23
09/05/1952,0.16
10/05/1952,0.08
11/05/1952,0.07
12/05/1952,0.06
13/05/1952,0.06
14/05/1952,0.05
15/05/1952,0.04
16/05/1952,0.05
17/05/1952,0.13
18/05/1952,0.07
19/05/1952,0.04
20/05/1952,0.03
21/05/1952,0.02
22/05/1952,0
23/05/1952,0
24/05/1952,0
25/05/1952,0
26/05/1952,0
27/05/1952,0
28/05/1952,0
29/05/1952,0
30/05/1952,0
31/05/1952,0
01/09/1952,0
02/09/1952,0
03/09/1952,0
04/09/1952,0
05/09/1952,0
06/09/1952,0
07/09/1952,0
08/09/1952,0
09/09/1952,0
10/09/1952,0
11/09/1952,0
12/09/1952,0
13/09/1952,0
14/09/1952,0
15/09/1952,0
16/09/1952,0
17/09/1952,0
18/09/1952,0
19/09/1952,0
20/09/1952,0
21/09/1952,0
22/09/1952,0
23/09/1952,0
24/09/1952,0.08
25/09/1952,0.04
26/09/1952,0.02
27/09/1952,0
28/09/1952,0
29/09/1952,0
30/09/1952,0
01/10/1952,0
02/10/1952,0
03/10/1952,0
04/10/1952,0
05/10/1952,0
06/10/1952,0
07/10/1952,0
08/10/1952,0
09/10/1952,0.02
10/10/1952,0.11
11/10/1952,0.1
12/10/1952,0.09
13/10/1952,0.07
14/10/1952,0.07
15/10/1952,0.07
16/10/1952,0.07
17/10/1952,0.07
18/10/1952,0.06
19/10/1952,0.06
20/10/1952,0.06
21/10/1952,0.06
22/10/1952,0.06
23/10/1952,0.06
24/10/1952,0.06
25/10/1952,0.07
26/10/1952,0.08
27/10/1952,0.08
28/10/1952,0.08
29/10/1952,0.1
30/10/1952,0.17
31/10/1952,0.18
01/11/1952,0.18
02/11/1952,0.17
03/11/1952,0.17
04/11/1952,0.16
05/11/1952,0.16
06/11/1952,0.17
07/11/1952,0.17
08/11/1952,0.2
09/11/1952,0.22
10/11/1952,0.26
11/11/1952,0.36
12/11/1952,0.33
13/11/1952,0.31
14/11/1952,0.31
15/11/1952,0.31
16/11/1952,0.29
17/11/1952,0.29
18/11/1952,0.29
19/11/1952,0.28
20/11/1952,0.28
21/11/1952,0.28
22/11/1952,0.27
23/11/1952,0.27
24/11/1952,0.27
25/11/1952,0.29
26/11/1952,0.29
27/11/1952,0.34
28/11/1952,0.39
29/11/1952,0.46
30/11/1952,0.46
01/12/1952,0.46
02/12/1952,0.46
03/12/1952,0.44
04/12/1952,0.44
05/12/1952,0.43
06/12/1952,0.46
07/12/1952,0.46
08/12/1952,0.44
09/12/1952,0.44
10/12/1952,0.45
11/12/1952,0.46
12/12/1952,0.46
13/12/1952,0.45
14/12/1952,0.45
15/12/1952,0.53
16/12/1952,0.53
17/12/1952,0.53
18/12/1952,0.52
19/12/1952,0.49
20/12/1952,0.49
21/12/1952,0.49
22/12/1952,0.49
23/12/1952,0.48
24/12/1952,0.48
25/12/1952,0.48
26/12/1952,0.54
27/12/1952,0.53
28/12/1952,0.52
29/12/1952,0.51
30/12/1952,0.5
31/12/1952,0.49
01/01/1953,0.49
02/01/1953,0.49
03/01/1953,0.49
04/01/1953,0.49
05/01/1953,0.48
06/01/1953,0.48
07/01/1953,0.48
08/01/1953,0.48
09/01/1953,0.56
10/01/1953,0.59
11/01/1953,0.56
12/01/1953,0.55
13/01/1953,0.52
14/01/1953,0.52
15/01/1953,0.51
16/01/1953,0.51
17/01/1953,0.53
18/01/1953,0.53
19/01/1953,0.59
20/01/1953,0.57
21/01/1953,0.59
22/01/1953,0.58
23/01/1953,0.58
24/01/1953,0.58
25/01/1953,0.58
26/01/1953,0.58
27/01/1953,0.61
28/01/1953,0.65
29/01/1953,0.65
30/01/1953,0.65
31/01/1953,0.65
01/02/1953,0.66
02/02/1953,0.67
03/02/1953,0.67
04/02/1953,0.76
05/02/1953,0.74
06/02/1953,0.74
07/02/1953,0.74
08/02/1953,0.74
09/02/1953,0.74
10/02/1953,0.74
11/02/1953,0.76
12/02/1953,0.75
13/02/1953,0.75
14/02/1953,0.74
15/02/1953,0.74
16/02/1953,0.73
17/02/1953,0.73
18/02/1953,0.75
19/02/1953,0.87
20/02/1953,0.85
21/02/1953,0.83
22/02/1953,0.9
23/02/1953,0.88
24/02/1953,0.86
25/02/1953,0.8
26/02/1953,0.79
27/02/1953,0.79
28/02/1953,0.79
01/03/1953,0.79
02/03/1953,0.82
03/03/1953,0.86
04/03/1953,0.84
05/03/1953,0.84
06/03/1953,0.8
07/03/1953,0.76
08/03/1953,0.77
09/03/1953,0.76
10/03/1953,0.77
11/03/1953,0.77
12/03/1953,0.78
13/03/1953,0.77
14/03/1953,0.74
15/03/1953,0.73
16/03/1953,0.72
17/03/1953,0.71
18/03/1953,0.7
19/03/1953,0.7
20/03/1953,0.69
21/03/1953,0.69
22/03/1953,0.68
23/03/1953,0.68
24/03/1953,0.68
25/03/1953,0.68
26/03/1953,0.73
27/03/1953,0.79
28/03/1953,0.78
29/03/1953,0.82
30/03/1953,0.85
31/03/1953,0.83
01/04/1953,0.82
02/04/1953,0.81
03/04/1953,0.82
04/04/1953,0.83
05/04/1953,0.86
06/04/1953,0.93
07/04/1953,0.94
08/04/1953,0.92
09/04/1953,1.08
10/04/1953,1.08
11/04/1953,1.06
12/04/1953,1.04
13/04/1953,1.03
14/04/1953,1.01
15/04/1953,0.94
16/04/1953,0.92
17/04/1953,0.92
18/04/1953,0.92
19/04/1953,0.93
20/04/1953,0.93
21/04/1953,0.93
22/04/1953,0.94
23/04/1953,0.94
24/04/1953,0.93
25/04/1953,0.87
26/04/1953,0.83
27/04/1953,0.76
28/04/1953,0.74
29/04/1953,0.71
30/04/1953,0.65
01/05/1953,0.55
02/05/1953,0.49
03/05/1953,0.42
04/05/1953,0.34
05/05/1953,0.27
06/05/1953,0.25
07/05/1953,0.21
08/05/1953,0.14
09/05/1953,0.08
10/05/1953,0.06
11/05/1953,0.05
12/05/1953,0.04
13/05/1953,0.05
14/05/1953,0.03
15/05/1953,0.02
16/05/1953,0.01
17/05/1953,0
18/05/1953,0
19/05/1953,0
20/05/1953,0
21/05/1953,0
22/05/1953,0
23/05/1953,0
24/05/1953,0
25/05/1953,0
26/05/1953,0
27/05/1953,0
28/05/1953,0
29/05/1953,0
30/05/1953,0
31/05/1953,0
01/10/1953,0
02/10/1953,0
03/10/1953,0
04/10/1953,0.07
05/10/1953,0.1
06/10/1953,0.08
07/10/1953,0.09
08/10/1953,0.06
09/10/1953,0.04
10/10/1953,0.02
11/10/1953,0.02
12/10/1953,0.02
13/10/1953,0.01
14/10/1953,0
15/10/1953,0
16/10/1953,0
17/10/1953,0
18/10/1953,0
19/10/1953,0
20/10/1953,0
21/10/1953,0
22/10/1953,0
23/10/1953,0
24/10/1953,0
25/10/1953,0
26/10/1953,0
27/10/1953,0
28/10/1953,0
29/10/1953,0
30/10/1953,0
31/10/1953,0
01/11/1953,0
02/11/1953,0
03/11/1953,0
04/11/1953,0
05/11/1953,0
06/11/1953,0
07/11/1953,0
08/11/1953,0
09/11/1953,0
10/11/1953,0
11/11/1953,0
12/11/1953,0
13/11/1953,0
14/11/1953,0
15/11/1953,0
16/11/1953,0
17/11/1953,0
18/11/1953,0
19/11/1953,0
20/11/1953,0
21/11/1953,0
22/11/1953,0
23/11/1953,0
24/11/1953,0
25/11/1953,0
26/11/1953,0
27/11/1953,0
28/11/1953,0
29/11/1953,0
30/11/1953,0
01/12/1953,0.03
02/12/1953,0.04
03/12/1953,0.03
04/12/1953,0.03
05/12/1953,0.03
06/12/1953,0.03
07/12/1953,0.02
08/12/1953,0.01
09/12/1953,0.01
10/12/1953,0.01
11/12/1953,0.02
12/12/1953,0.02
13/12/1953,0.02
14/12/1953,0.02
15/12/1953,0.02
16/12/1953,0.03
17/12/1953,0.04
18/12/1953,0.04
19/12/1953,0.04
20/12/1953,0.04
21/12/1953,0.04
22/12/1953,0.04
23/12/1953,0.04
24/12/1953,0.04
25/12/1953,0.04
26/12/1953,0.04
27/12/1953,0.04
28/12/1953,0.04
29/12/1953,0.04
30/12/1953,0.04
31/12/1953,0.04
01/01/1954,0.05
02/01/1954,0.05
03/01/1954,0.05
04/01/1954,0.05
05/01/1954,0.05
06/01/1954,0.05
07/01/1954,0.05
08/01/1954,0.05
09/01/1954,0.05
10/01/1954,0.19
11/01/1954,0.2
12/01/1954,0.2
13/01/1954,0.2
14/01/1954,0.2
15/01/1954,0.21
16/01/1954,0.22
17/01/1954,0.23
18/01/1954,0.23
19/01/1954,0.23
20/01/1954,0.22
21/01/1954,0.22
22/01/1954,0.21
23/01/1954,0.21
24/01/1954,0.2
25/01/1954,0.2
26/01/1954,0.2
27/01/1954,0.2
28/01/1954,0.21
29/01/1954,0.22
30/01/1954,0.22
31/01/1954,0.22
01/02/1954,0.21
02/02/1954,0.21
03/02/1954,0.21
04/02/1954,0.2
05/02/1954,0.2
06/02/1954,0.2
07/02/1954,0.2
08/02/1954,0.21
09/02/1954,0.24
10/02/1954,0.23
11/02/1954,0.22
12/02/1954,0.22
13/02/1954,0.22
14/02/1954,0.24
15/02/1954,0.26
16/02/1954,0.25
17/02/1954,0.25
18/02/1954,0.25
19/02/1954,0.25
20/02/1954,0.24
21/02/1954,0.24
22/02/1954,0.25
23/02/1954,0.26
24/02/1954,0.25
25/02/1954,0.24
26/02/1954,0.24
27/02/1954,0.25
28/02/1954,0.26
01/03/1954,0.27
02/03/1954,0.27
03/03/1954,0.33
04/03/1954,0.36
05/03/1954,0.36
06/03/1954,0.36
07/03/1954,0.37
08/03/1954,0.38
09/03/1954,0.35
10/03/1954,0.34
11/03/1954,0.33
12/03/1954,0.33
13/03/1954,0.32
14/03/1954,0.32
15/03/1954,0.31
16/03/1954,0.31
17/03/1954,0.33
18/03/1954,0.33
19/03/1954,0.32
20/03/1954,0.32
21/03/1954,0.31
22/03/1954,0.3
23/03/1954,0.3
24/03/1954,0.31
25/03/1954,0.3
26/03/1954,0.3
27/03/1954,0.3
28/03/1954,0.3
29/03/1954,0.3
30/03/1954,0.3
31/03/1954,0.29
01/04/1954,0.29
02/04/1954,0.31
03/04/1954,0.3
04/04/1954,0.3
05/04/1954,0.34
06/04/1954,0.38
07/04/1954,0.37
08/04/1954,0.35
09/04/1954,0.35
10/04/1954,0.35
11/04/1954,0.32
12/04/1954,0.3
13/04/1954,0.21
14/04/1954,0.2
15/04/1954,0.19
16/04/1954,0.18
17/04/1954,0.17
18/04/1954,0.16
19/04/1954,0.15
20/04/1954,0.13
21/04/1954,0.12
22/04/1954,0.14
23/04/1954,0.12
24/04/1954,0.12
25/04/1954,0.12
26/04/1954,0.12
27/04/1954,0.1
28/04/1954,0.1
29/04/1954,0.17
30/04/1954,0.15
01/05/1954,0.09
02/05/1954,0.11
03/05/1954,0.1
04/05/1954,0.04
05/05/1954,0.03
06/05/1954,0.02
07/05/1954,0
08/05/1954,0
09/05/1954,0
10/05/1954,0
11/05/1954,0
12/05/1954,0
13/05/1954,0
14/05/1954,0
15/05/1954,0.04
16/05/1954,0.02
17/05/1954,0.02
18/05/1954,0.01
19/05/1954,0
20/05/1954,0
21/05/1954,0
22/05/1954,0
23/05/1954,0
24/05/1954,0
25/05/1954,0
26/05/1954,0
27/05/1954,0
28/05/1954,0
29/05/1954,0
30/05/1954,0
31/05/1954,0
14/06/1954,0
01/09/1954,0
02/09/1954,0
03/09/1954,0
04/09/1954,0
05/09/1954,0
06/09/1954,0
07/09/1954,0
08/09/1954,0
09/09/1954,0
10/09/1954,0
11/09/1954,0
12/09/1954,0
13/09/1954,0
14/09/1954,0
15/09/1954,0
16/09/1954,0
17/09/1954,0
18/09/1954,0
19/09/1954,0
20/09/1954,0
21/09/1954,0
22/09/1954,0
23/09/1954,0
24/09/1954,0
25/09/1954,0
26/09/1954,0
27/09/1954,0
28/09/1954,0
29/09/1954,0
30/09/1954,0.01
01/10/1954,0
02/10/1954,0
03/10/1954,0
04/10/1954,0
05/10/1954,0
06/10/1954,0
07/10/1954,0
08/10/1954,0
09/10/1954,0
10/10/1954,0.03
11/10/1954,0.01
12/10/1954,0.01
13/10/1954,0
14/10/1954,0
15/10/1954,0
16/10/1954,0
17/10/1954,0.01
18/10/1954,0.01
19/10/1954,0.01
20/10/1954,0.01
21/10/1954,0.03
22/10/1954,0.03
23/10/1954,0.03
24/10/1954,0.03
25/10/1954,0.03
26/10/1954,0.03
27/10/1954,0.03
28/10/1954,0.03
29/10/1954,0.03
30/10/1954,0.04
31/10/1954,0.12
01/11/1954,0.21
02/11/1954,0.23
03/11/1954,0.22
04/11/1954,0.22
05/11/1954,0.2
06/11/1954,0.2
07/11/1954,0.2
08/11/1954,0.2
09/11/1954,0.19
10/11/1954,0.21
11/11/1954,0.22
12/11/1954,0.21
13/11/1954,0.2
14/11/1954,0.2
15/11/1954,0.23
16/11/1954,0.22
17/11/1954,0.22
18/11/1954,0.22
19/11/1954,0.22
20/11/1954,0.22
21/11/1954,0.22
22/11/1954,0.25
23/11/1954,0.3
24/11/1954,0.29
25/11/1954,0.29
26/11/1954,0.29
27/11/1954,0.27
28/11/1954,0.27
29/11/1954,0.27
30/11/1954,0.26
01/12/1954,0.27
02/12/1954,0.28
03/12/1954,0.29
04/12/1954,0.27
05/12/1954,0.27
06/12/1954,0.27
07/12/1954,0.3
08/12/1954,0.32
09/12/1954,0.35
10/12/1954,0.35
11/12/1954,0.33
12/12/1954,0.33
13/12/1954,0.34
14/12/1954,0.36
15/12/1954,0.42
16/12/1954,0.44
17/12/1954,0.43
18/12/1954,0.45
19/12/1954,0.45
20/12/1954,0.45
21/12/1954,0.44
22/12/1954,0.43
23/12/1954,0.42
24/12/1954,0.41
25/12/1954,0.41
26/12/1954,0.41
27/12/1954,0.41
28/12/1954,0.44
29/12/1954,0.49
30/12/1954,0.48
31/12/1954,0.47
01/01/1955,0.46
02/01/1955,0.45
03/01/1955,0.45
04/01/1955,0.45
05/01/1955,0.45
06/01/1955,0.45
07/01/1955,0.45
08/01/1955,0.47
09/01/1955,0.47
10/01/1955,0.46
11/01/1955,0.5
12/01/1955,0.56
13/01/1955,0.62
14/01/1955,0.61
15/01/1955,0.62
16/01/1955,0.63
17/01/1955,0.63
18/01/1955,0.61
19/01/1955,0.6
20/01/1955,0.59
21/01/1955,0.59
22/01/1955,0.59
23/01/1955,0.57
24/01/1955,0.55
25/01/1955,0.56
26/01/1955,0.54
27/01/1955,0.56
28/01/1955,0.59
29/01/1955,0.59
30/01/1955,0.59
31/01/1955,0.58
01/02/1955,0.58
02/02/1955,0.58
03/02/1955,0.6
04/02/1955,0.63
05/02/1955,0.63
06/02/1955,0.64
07/02/1955,0.66
08/02/1955,0.71
09/02/1955,0.74
10/02/1955,0.76
11/02/1955,0.88
12/02/1955,0.87
13/02/1955,0.86
14/02/1955,0.84
15/02/1955,0.83
16/02/1955,0.81
17/02/1955,0.8
18/02/1955,0.8
19/02/1955,0.8
20/02/1955,0.8
21/02/1955,0.83
22/02/1955,0.81
23/02/1955,0.82
24/02/1955,0.81
25/02/1955,0.8
26/02/1955,0.82
27/02/1955,0.81
28/02/1955,0.8
01/03/1955,0.8
02/03/1955,0.81
03/03/1955,0.8
04/03/1955,0.78
05/03/1955,0.78
06/03/1955,0.78
07/03/1955,0.77
08/03/1955,0.84
09/03/1955,0.82
10/03/1955,0.82
11/03/1955,0.8
12/03/1955,0.78
13/03/1955,0.8
14/03/1955,0.78
15/03/1955,0.79
16/03/1955,1.03
17/03/1955,1
18/03/1955,0.99
19/03/1955,0.95
20/03/1955,0.95
21/03/1955,0.93
22/03/1955,0.96
23/03/1955,0.97
24/03/1955,0.96
25/03/1955,0.96
26/03/1955,0.96
27/03/1955,0.95
28/03/1955,0.93
29/03/1955,0.93
30/03/1955,0.92
31/03/1955,0.91
01/04/1955,0.88
02/04/1955,0.88
03/04/1955,0.87
04/04/1955,0.87
05/04/1955,0.86
06/04/1955,0.9
07/04/1955,0.88
08/04/1955,0.87
09/04/1955,0.87
10/04/1955,0.87
11/04/1955,0.87
12/04/1955,0.86
13/04/1955,0.85
14/04/1955,0.83
15/04/1955,0.82
16/04/1955,0.81
17/04/1955,0.8
18/04/1955,0.8
19/04/1955,0.79
20/04/1955,0.72
21/04/1955,0.71
22/04/1955,0.71
23/04/1955,0.71
24/04/1955,0.75
25/04/1955,0.81
26/04/1955,0.8
27/04/1955,0.83
28/04/1955,0.89
29/04/1955,0.85
30/04/1955,0.87
01/05/1955,0.85
02/05/1955,0.8
03/05/1955,0.79
04/05/1955,0.81
05/05/1955,0.81
06/05/1955,0.79
07/05/1955,0.78
08/05/1955,0.77
09/05/1955,0.76
10/05/1955,0.8
11/05/1955,0.92
12/05/1955,1
13/05/1955,1.12
14/05/1955,1.06
15/05/1955,1.25
16/05/1955,1.1
17/05/1955,0.95
18/05/1955,0.85
19/05/1955,0.8
20/05/1955,0.76
21/05/1955,0.79
22/05/1955,0.77
23/05/1955,0.76
24/05/1955,0.74
25/05/1955,0.75
26/05/1955,0.7
27/05/1955,0.65
28/05/1955,0.6
29/05/1955,0.5
30/05/1955,0.4
31/05/1955,0.31
01/06/1955,0.23
02/06/1955,0.13
03/06/1955,0.07
04/06/1955,0.01
05/06/1955,0
06/06/1955,0
07/06/1955,0.01
08/06/1955,0.04
09/06/1955,0
10/06/1955,0
11/06/1955,0
12/06/1955,0
13/06/1955,0
14/06/1955,0
15/06/1955,0
16/06/1955,0
17/06/1955,0
18/06/1955,0
19/06/1955,0
20/06/1955,0
21/06/1955,0
22/06/1955,0
23/06/1955,0
24/06/1955,0
25/06/1955,0
26/06/1955,0
27/06/1955,0
28/06/1955,0
29/06/1955,0
30/06/1955,0
01/09/1955,0
02/09/1955,0
03/09/1955,0
04/09/1955,0
05/09/1955,0
06/09/1955,0
07/09/1955,0
08/09/1955,0
09/09/1955,0
10/09/1955,0
11/09/1955,0
12/09/1955,0
13/09/1955,0
14/09/1955,0
15/09/1955,0.08
16/09/1955,0
17/09/1955,0
18/09/1955,0
19/09/1955,0
20/09/1955,0
21/09/1955,0
22/09/1955,0
23/09/1955,0
24/09/1955,0
25/09/1955,0
26/09/1955,0
27/09/1955,0
28/09/1955,0
29/09/1955,0
30/09/1955,0
01/10/1955,0
02/10/1955,0
03/10/1955,0
04/10/1955,0
05/10/1955,0
06/10/1955,0
07/10/1955,0
08/10/1955,0
09/10/1955,0
10/10/1955,0
11/10/1955,0
12/10/1955,0
13/10/1955,0
14/10/1955,0
15/10/1955,0
16/10/1955,0.03
17/10/1955,0.06
18/10/1955,0.06
19/10/1955,0.06
20/10/1955,0.06
21/10/1955,0.12
22/10/1955,0.12
23/10/1955,0.11
24/10/1955,0.07
25/10/1955,0.06
26/10/1955,0.07
27/10/1955,0.12
28/10/1955,0.13
29/10/1955,0.12
30/10/1955,0.11
31/10/1955,0.1
01/11/1955,0.1
02/11/1955,0.1
03/11/1955,0.09
04/11/1955,0.09
05/11/1955,0.09
06/11/1955,0.09
07/11/1955,0.09
08/11/1955,0.1
09/11/1955,0.1
10/11/1955,0.1
11/11/1955,0.14
12/11/1955,0.15
13/11/1955,0.17
14/11/1955,0.2
15/11/1955,0.2
16/11/1955,0.19
17/11/1955,0.19
18/11/1955,0.14
19/11/1955,0.18
20/11/1955,0.2
21/11/1955,0.23
22/11/1955,0.25
23/11/1955,0.3
24/11/1955,0.35
25/11/1955,0.34
26/11/1955,0.34
27/11/1955,0.33
28/11/1955,0.33
29/11/1955,0.33
30/11/1955,0.33
01/12/1955,0.32
02/12/1955,0.32
03/12/1955,0.32
04/12/1955,0.33
05/12/1955,0.36
06/12/1955,0.41
07/12/1955,0.4
08/12/1955,0.42
09/12/1955,0.42
10/12/1955,0.43
11/12/1955,0.43
12/12/1955,0.42
13/12/1955,0.42
14/12/1955,0.42
15/12/1955,0.42
16/12/1955,0.42
17/12/1955,0.42
18/12/1955,0.42
19/12/1955,0.42
20/12/1955,0.44
21/12/1955,0.44
22/12/1955,0.43
23/12/1955,0.42
24/12/1955,0.42
25/12/1955,0.42
26/12/1955,0.43
27/12/1955,0.44
28/12/1955,0.46
29/12/1955,0.5
30/12/1955,0.53
31/12/1955,0.53
01/01/1956,0.54
02/01/1956,0.55
03/01/1956,0.54
04/01/1956,0.56
05/01/1956,0.55
06/01/1956,0.52
07/01/1956,0.53
08/01/1956,0.53
09/01/1956,0.52
10/01/1956,0.53
11/01/1956,0.53
12/01/1956,0.56
13/01/1956,0.56
14/01/1956,0.55
15/01/1956,0.55
16/01/1956,0.55
17/01/1956,0.55
18/01/1956,0.55
19/01/1956,0.55
20/01/1956,0.68
21/01/1956,0.76
22/01/1956,0.76
23/01/1956,0.76
24/01/1956,0.75
25/01/1956,0.75
26/01/1956,0.74
27/01/1956,0.73
28/01/1956,0.72
29/01/1956,0.72
30/01/1956,0.71
31/01/1956,0.71
01/02/1956,0.7
02/02/1956,0.72
03/02/1956,0.71
04/02/1956,0.71
05/02/1956,0.72
06/02/1956,0.74
07/02/1956,0.73
08/02/1956,0.75
09/02/1956,0.76
10/02/1956,0.75
11/02/1956,0.77
12/02/1956,0.77
13/02/1956,0.76
14/02/1956,0.75
15/02/1956,0.77
16/02/1956,0.82
17/02/1956,0.85
18/02/1956,0.85
19/02/1956,0.84
20/02/1956,0.83
21/02/1956,0.82
22/02/1956,0.81
23/02/1956,0.8
24/02/1956,0.8
25/02/1956,0.8
26/02/1956,0.8
27/02/1956,0.79
28/02/1956,0.79
29/02/1956,0.79
01/03/1956,0.78
02/03/1956,0.78
03/03/1956,0.78
04/03/1956,0.77
05/03/1956,0.76
06/03/1956,0.76
07/03/1956,0.75
08/03/1956,0.75
09/03/1956,0.74
10/03/1956,0.74
11/03/1956,0.73
12/03/1956,0.72
13/03/1956,0.72
14/03/1956,0.72
15/03/1956,0.72
16/03/1956,0.72
17/03/1956,0.72
18/03/1956,0.72
19/03/1956,0.72
20/03/1956,0.72
21/03/1956,0.72
22/03/1956,0.72
23/03/1956,0.72
24/03/1956,0.72
25/03/1956,0.72
26/03/1956,0.71
27/03/1956,0.71
28/03/1956,0.7
29/03/1956,0.69
30/03/1956,0.69
31/03/1956,0.69
01/04/1956,0.68
02/04/1956,0.68
03/04/1956,0.67
04/04/1956,0.71
05/04/1956,0.7
06/04/1956,0.69
07/04/1956,0.69
08/04/1956,0.68
09/04/1956,0.68
10/04/1956,0.73
11/04/1956,0.81
12/04/1956,0.96
13/04/1956,1.02
14/04/1956,0.97
15/04/1956,0.95
16/04/1956,0.93
17/04/1956,0.91
18/04/1956,0.89
19/04/1956,0.9
20/04/1956,0.93
21/04/1956,0.88
22/04/1956,0.8
23/04/1956,0.78
24/04/1956,0.73
25/04/1956,0.72
26/04/1956,0.72
27/04/1956,0.71
28/04/1956,0.7
29/04/1956,0.7
30/04/1956,0.69
01/05/1956,0.67
02/05/1956,0.65
03/05/1956,0.58
04/05/1956,0.51
05/05/1956,0.47
06/05/1956,0.4
07/05/1956,0.3
08/05/1956,0.22
09/05/1956,0.12
10/05/1956,0
11/05/1956,0.03
12/05/1956,0
13/05/1956,0
14/05/1956,0
15/05/1956,0
16/05/1956,0
17/05/1956,0.02
18/05/1956,0
19/05/1956,0
20/05/1956,0
21/05/1956,0
22/05/1956,0
23/05/1956,0
24/05/1956,0
25/05/1956,0
26/05/1956,0
27/05/1956,0
28/05/1956,0
29/05/1956,0
30/05/1956,0
31/05/1956,0
27/09/1956,0
01/10/1956,0
02/10/1956,0
03/10/1956,0
04/10/1956,0
05/10/1956,0
06/10/1956,0.07
07/10/1956,0
08/10/1956,0.05
09/10/1956,0.05
10/10/1956,0.05
11/10/1956,0.05
12/10/1956,0.05
13/10/1956,0.06
14/10/1956,0.06
15/10/1956,0.06
16/10/1956,0.05
17/10/1956,0.05
18/10/1956,0.04
19/10/1956,0.03
20/10/1956,0.02
21/10/1956,0
22/10/1956,0.04
23/10/1956,0.04
24/10/1956,0.04
25/10/1956,0.04
26/10/1956,0.05
27/10/1956,0.05
28/10/1956,0.05
29/10/1956,0.05
30/10/1956,0.05
31/10/1956,0.04
01/11/1956,0.04
02/11/1956,0.04
03/11/1956,0.06
04/11/1956,0.07
05/11/1956,0.08
06/11/1956,0.07
07/11/1956,0.07
08/11/1956,0.06
09/11/1956,0.06
10/11/1956,0.06
11/11/1956,0.07
12/11/1956,0.08
13/11/1956,0.07
14/11/1956,0.07
15/11/1956,0.12
16/11/1956,0.12
17/11/1956,0.11
18/11/1956,0.11
19/11/1956,0.12
20/11/1956,0.12
21/11/1956,0.11
22/11/1956,0.11
23/11/1956,0.11
24/11/1956,0.11
25/11/1956,0.12
26/11/1956,0.26
27/11/1956,0.25
28/11/1956,0.23
29/11/1956,0.23
30/11/1956,0.22
01/12/1956,0.2
02/12/1956,0.22
03/12/1956,0.24
04/12/1956,0.22
05/12/1956,0.23
06/12/1956,0.25
07/12/1956,0.24
08/12/1956,0.24
09/12/1956,0.24
10/12/1956,0.23
11/12/1956,0.23
12/12/1956,0.31
13/12/1956,0.31
14/12/1956,0.33
15/12/1956,0.34
16/12/1956,0.35
17/12/1956,0.36
18/12/1956,0.36
19/12/1956,0.35
20/12/1956,0.35
21/12/1956,0.35
22/12/1956,0.35
23/12/1956,0.35
24/12/1956,0.35
25/12/1956,0.34
26/12/1956,0.34
27/12/1956,0.33
28/12/1956,0.33
29/12/1956,0.33
30/12/1956,0.34
31/12/1956,0.35
01/01/1957,0.34
02/01/1957,0.34
03/01/1957,0.34
04/01/1957,0.34
05/01/1957,0.35
06/01/1957,0.41
07/01/1957,0.45
08/01/1957,0.46
09/01/1957,0.45
10/01/1957,0.46
11/01/1957,0.45
12/01/1957,0.44
13/01/1957,0.44
14/01/1957,0.43
15/01/1957,0.43
16/01/1957,0.42
17/01/1957,0.42
18/01/1957,0.42
19/01/1957,0.42
20/01/1957,0.42
21/01/1957,0.42
22/01/1957,0.42
23/01/1957,0.42
24/01/1957,0.43
25/01/1957,0.45
26/01/1957,0.54
27/01/1957,0.65
28/01/1957,0.73
29/01/1957,0.71
30/01/1957,0.7
31/01/1957,0.68
01/02/1957,0.65
02/02/1957,0.66
03/02/1957,0.65
04/02/1957,0.64
05/02/1957,0.63
06/02/1957,0.65
07/02/1957,0.67
08/02/1957,0.66
09/02/1957,0.66
10/02/1957,0.65
11/02/1957,0.65
12/02/1957,0.65
13/02/1957,0.66
14/02/1957,0.66
15/02/1957,0.66
16/02/1957,0.67
17/02/1957,0.65
18/02/1957,0.65
19/02/1957,0.65
20/02/1957,0.65
21/02/1957,0.69
22/02/1957,0.71
23/02/1957,0.76
24/02/1957,0.8
25/02/1957,0.88
26/02/1957,0.88
27/02/1957,0.84
28/02/1957,0.82
01/03/1957,0.8
02/03/1957,0.79
03/03/1957,0.79
04/03/1957,0.77
05/03/1957,0.76
06/03/1957,0.75
07/03/1957,0.75
08/03/1957,0.75
09/03/1957,0.75
10/03/1957,0.73
11/03/1957,0.71
12/03/1957,0.7
13/03/1957,0.72
14/03/1957,0.75
15/03/1957,0.8
16/03/1957,0.79
17/03/1957,0.79
18/03/1957,0.78
19/03/1957,0.78
20/03/1957,0.78
21/03/1957,0.78
22/03/1957,0.78
23/03/1957,0.77
24/03/1957,0.76
25/03/1957,0.75
26/03/1957,0.75
27/03/1957,0.74
28/03/1957,0.72
29/03/1957,0.72
30/03/1957,0.72
31/03/1957,0.72
01/04/1957,0.68
02/04/1957,0.68
03/04/1957,0.66
04/04/1957,0.64
05/04/1957,0.6
06/04/1957,0.56
07/04/1957,0.56
08/04/1957,0.56
09/04/1957,0.56
10/04/1957,0.62
11/04/1957,0.58
12/04/1957,0.58
13/04/1957,0.59
14/04/1957,0.58
15/04/1957,0.57
16/04/1957,0.56
17/04/1957,0.55
18/04/1957,0.54
19/04/1957,0.52
20/04/1957,0.5
21/04/1957,0.48
22/04/1957,0.46
23/04/1957,0.44
24/04/1957,0.42
25/04/1957,0.38
26/04/1957,0.35
27/04/1957,0.3
28/04/1957,0.25
29/04/1957,0.23
30/04/1957,0.28
01/05/1957,0.15
02/05/1957,0.15
03/05/1957,0.17
04/05/1957,0.16
05/05/1957,0.16
06/05/1957,0.2
07/05/1957,0.18
08/05/1957,0.14
09/05/1957,0.11
10/05/1957,0.12
11/05/1957,0.07
12/05/1957,0
13/05/1957,0
14/05/1957,0
15/05/1957,0
16/05/1957,0
17/05/1957,0.03
18/05/1957,0.07
19/05/1957,0
20/05/1957,0
21/05/1957,0
22/05/1957,0
23/05/1957,0
24/05/1957,0
25/05/1957,0
26/05/1957,0
27/05/1957,0
28/05/1957,0
29/05/1957,0
30/05/1957,0
31/05/1957,0
01/09/1957,0
02/09/1957,0
03/09/1957,0
04/09/1957,0
05/09/1957,0
06/09/1957,0
07/09/1957,0
08/09/1957,0
09/09/1957,0
10/09/1957,0
11/09/1957,0
12/09/1957,0
13/09/1957,0
14/09/1957,0
15/09/1957,0
16/09/1957,0
17/09/1957,0
18/09/1957,0
19/09/1957,0
20/09/1957,0
21/09/1957,0
22/09/1957,0
23/09/1957,0
24/09/1957,0
25/09/1957,0
26/09/1957,0
27/09/1957,0
28/09/1957,0
29/09/1957,0
30/09/1957,0.04
01/10/1957,0
02/10/1957,0
03/10/1957,0
04/10/1957,0
05/10/1957,0
06/10/1957,0.09
07/10/1957,0.1
08/10/1957,0.08
09/10/1957,0.11
10/10/1957,0.07
11/10/1957,0
12/10/1957,0
13/10/1957,0
14/10/1957,0
15/10/1957,0
16/10/1957,0
17/10/1957,0
18/10/1957,0
19/10/1957,0
20/10/1957,0.05
21/10/1957,0.05
22/10/1957,0.07
23/10/1957,0.09
24/10/1957,0.08
25/10/1957,0.09
26/10/1957,0.09
27/10/1957,0.13
28/10/1957,0.13
29/10/1957,0.12
30/10/1957,0.11
31/10/1957,0.11
01/11/1957,0.11
02/11/1957,0.17
03/11/1957,0.16
04/11/1957,0.15
05/11/1957,0.09
06/11/1957,0.07
07/11/1957,0.06
08/11/1957,0.05
09/11/1957,0.2
10/11/1957,0.17
11/11/1957,0.15
12/11/1957,0.13
13/11/1957,0.11
14/11/1957,0.11
15/11/1957,0.11
16/11/1957,0.11
17/11/1957,0.1
18/11/1957,0.1
19/11/1957,0.1
20/11/1957,0.08
21/11/1957,0.08
22/11/1957,0.09
23/11/1957,0.09
24/11/1957,0.08
25/11/1957,0.08
26/11/1957,0.07
27/11/1957,0.11
28/11/1957,0.16
29/11/1957,0.16
30/11/1957,0.16
01/12/1957,0.15
02/12/1957,0.15
03/12/1957,0.15
04/12/1957,0.18
05/12/1957,0.17
06/12/1957,0.22
07/12/1957,0.28
08/12/1957,0.27
09/12/1957,0.25
10/12/1957,0.24
11/12/1957,0.25
12/12/1957,0.24
13/12/1957,0.23
14/12/1957,0.23
15/12/1957,0.22
16/12/1957,0.21
17/12/1957,0.21
18/12/1957,0.21
19/12/1957,0.21
20/12/1957,0.21
21/12/1957,0.21
22/12/1957,0.22
23/12/1957,0.22
24/12/1957,0.22
25/12/1957,0.25
26/12/1957,0.26
27/12/1957,0.27
28/12/1957,0.27
29/12/1957,0.31
30/12/1957,0.32
31/12/1957,0.33
01/01/1958,0.34
02/01/1958,0.35
03/01/1958,0.34
04/01/1958,0.34
05/01/1958,0.34
06/01/1958,0.34
07/01/1958,0.33
08/01/1958,0.33
09/01/1958,0.33
10/01/1958,0.33
11/01/1958,0.33
12/01/1958,0.33
13/01/1958,0.32
14/01/1958,0.32
15/01/1958,0.31
16/01/1958,0.31
17/01/1958,0.31
18/01/1958,0.32
19/01/1958,0.32
20/01/1958,0.33
21/01/1958,0.33
22/01/1958,0.33
23/01/1958,0.33
24/01/1958,0.34
25/01/1958,0.4
26/01/1958,0.4
27/01/1958,0.4
28/01/1958,0.39
29/01/1958,0.39
30/01/1958,0.39
31/01/1958,0.38
01/02/1958,0.4
02/02/1958,0.41
03/02/1958,0.42
04/02/1958,0.43
05/02/1958,0.42
06/02/1958,0.41
07/02/1958,0.4
08/02/1958,0.4
09/02/1958,0.4
10/02/1958,0.39
11/02/1958,0.39
12/02/1958,0.41
13/02/1958,0.42
14/02/1958,0.41
15/02/1958,0.41
16/02/1958,0.4
17/02/1958,0.4
18/02/1958,0.42
19/02/1958,0.42
20/02/1958,0.48
21/02/1958,0.54
22/02/1958,0.58
23/02/1958,0.58
24/02/1958,0.59
25/02/1958,0.6
26/02/1958,0.64
27/02/1958,0.69
28/02/1958,0.71
01/03/1958,0.69
02/03/1958,0.67
03/03/1958,0.65
04/03/1958,0.67
05/03/1958,0.68
06/03/1958,0.7
07/03/1958,0.69
08/03/1958,0.68
09/03/1958,0.67
10/03/1958,0.66
11/03/1958,0.65
12/03/1958,0.67
13/03/1958,0.67
14/03/1958,0.68
15/03/1958,0.68
16/03/1958,0.68
17/03/1958,0.68
18/03/1958,0.66
19/03/1958,0.65
20/03/1958,0.64
21/03/1958,0.62
22/03/1958,0.59
23/03/1958,0.59
24/03/1958,0.59
25/03/1958,0.59
26/03/1958,0.59
27/03/1958,0.59
28/03/1958,0.58
29/03/1958,0.57
30/03/1958,0.55
31/03/1958,0.53
01/04/1958,0.53
02/04/1958,0.53
03/04/1958,0.52
04/04/1958,0.53
05/04/1958,0.54
06/04/1958,0.54
07/04/1958,0.54
08/04/1958,0.53
09/04/1958,0.53
10/04/1958,0.53
11/04/1958,0.53
12/04/1958,0.53
13/04/1958,0.53
14/04/1958,0.53
15/04/1958,0.56
16/04/1958,0.6
17/04/1958,0.64
18/04/1958,0.64
19/04/1958,0.67
20/04/1958,0.7
21/04/1958,0.72
22/04/1958,0.7
23/04/1958,0.67
24/04/1958,0.62
25/04/1958,0.6
26/04/1958,0.59
27/04/1958,0.57
28/04/1958,0.55
29/04/1958,0.54
30/04/1958,0.53
01/05/1958,0.45
02/05/1958,0.41
03/05/1958,0.44
04/05/1958,0.5
05/05/1958,0.65
06/05/1958,0.56
07/05/1958,0.53
08/05/1958,0.43
09/05/1958,0.41
10/05/1958,0.45
11/05/1958,0.55
12/05/1958,0.61
13/05/1958,0.55
14/05/1958,0.53
15/05/1958,0.5
16/05/1958,0.49
17/05/1958,0.46
18/05/1958,0.43
19/05/1958,0.41
20/05/1958,0.4
21/05/1958,0.46
22/05/1958,0.44
23/05/1958,0.42
24/05/1958,0.37
25/05/1958,0.33
26/05/1958,0.3
27/05/1958,0.24
28/05/1958,0.15
29/05/1958,0.14
30/05/1958,0.08
31/05/1958,0.02
09/06/1958,0.11
10/06/1958,0.06
05/10/1958,0
15/10/1958,0.02
24/10/1958,0.02
25/10/1958,0.02
26/10/1958,0.03
27/10/1958,0.04
28/10/1958,0.07
29/10/1958,0.04
05/11/1958,0.01
15/11/1958,0.01
25/11/1958,0.01
26/11/1958,0.05
27/11/1958,0.06
28/11/1958,0.09
29/11/1958,0.08
30/11/1958,0.12
01/12/1958,0.11
02/12/1958,0.11
03/12/1958,0.12
04/12/1958,0.12
05/12/1958,0.12
06/12/1958,0.17
07/12/1958,0.17
08/12/1958,0.17
09/12/1958,0.18
10/12/1958,0.18
11/12/1958,0.18
12/12/1958,0.17
13/12/1958,0.17
14/12/1958,0.17
15/12/1958,0.16
16/12/1958,0.16
17/12/1958,0.17
18/12/1958,0.25
19/12/1958,0.26
20/12/1958,0.28
21/12/1958,0.28
22/12/1958,0.28
23/12/1958,0.28
24/12/1958,0.28
25/12/1958,0.28
26/12/1958,0.28
27/12/1958,0.28
28/12/1958,0.28
29/12/1958,0.29
30/12/1958,0.29
31/12/1958,0.28
01/01/1959,0.27
02/01/1959,0.26
03/01/1959,0.28
04/01/1959,0.3
05/01/1959,0.35
06/01/1959,0.5
07/01/1959,0.61
08/01/1959,0.59
09/01/1959,0.56
10/01/1959,0.54
11/01/1959,0.57
12/01/1959,0.64
13/01/1959,0.6
14/01/1959,0.58
15/01/1959,0.57
16/01/1959,0.56
17/01/1959,0.55
18/01/1959,0.54
19/01/1959,0.53
20/01/1959,0.53
21/01/1959,0.53
22/01/1959,0.54
23/01/1959,0.56
24/01/1959,0.57
25/01/1959,0.58
26/01/1959,0.6
27/01/1959,0.58
28/01/1959,0.57
29/01/1959,0.56
30/01/1959,0.53
31/01/1959,0.53
01/02/1959,0.51
02/02/1959,0.51
03/02/1959,0.5
04/02/1959,0.5
05/02/1959,0.5
06/02/1959,0.5
07/02/1959,0.48
08/02/1959,0.48
09/02/1959,0.48
10/02/1959,0.48
11/02/1959,0.48
12/02/1959,0.47
13/02/1959,0.47
14/02/1959,0.47
15/02/1959,0.47
16/02/1959,0.46
17/02/1959,0.48
18/02/1959,0.49
19/02/1959,0.52
20/02/1959,0.52
21/02/1959,0.51
22/02/1959,0.5
23/02/1959,0.49
24/02/1959,0.52
25/02/1959,0.51
26/02/1959,0.53
27/02/1959,0.53
28/02/1959,0.52
01/03/1959,0.51
02/03/1959,0.51
03/03/1959,0.5
04/03/1959,0.49
05/03/1959,0.49
06/03/1959,0.49
07/03/1959,0.49
08/03/1959,0.5
09/03/1959,0.5
10/03/1959,0.49
11/03/1959,0.49
12/03/1959,0.49
13/03/1959,0.49
14/03/1959,0.49
15/03/1959,0.49
16/03/1959,0.49
17/03/1959,0.47
18/03/1959,0.46
19/03/1959,0.47
20/03/1959,0.47
21/03/1959,0.46
22/03/1959,0.45
23/03/1959,0.44
24/03/1959,0.43
25/03/1959,0.42
26/03/1959,0.41
27/03/1959,0.4
28/03/1959,0.4
29/03/1959,0.4
30/03/1959,0.4
31/03/1959,0.4
01/04/1959,0.39
02/04/1959,0.39
03/04/1959,0.38
04/04/1959,0.43
05/04/1959,0.42
06/04/1959,0.42
07/04/1959,0.46
08/04/1959,0.47
09/04/1959,0.47
10/04/1959,0.46
11/04/1959,0.45
12/04/1959,0.45
13/04/1959,0.44
14/04/1959,0.44
15/04/1959,0.49
16/04/1959,0.47
17/04/1959,0.59
18/04/1959,0.58
19/04/1959,0.59
20/04/1959,0.6
21/04/1959,0.58
22/04/1959,0.57
23/04/1959,0.57
24/04/1959,0.56
25/04/1959,0.53
26/04/1959,0.5
27/04/1959,0.48
28/04/1959,0.4
29/04/1959,0.31
30/04/1959,0.22
04/05/1959,0.02
07/05/1959,0.14
08/05/1959,0.16
01/10/1959,0
02/10/1959,0
03/10/1959,0
04/10/1959,0
05/10/1959,0
06/10/1959,0
07/10/1959,0
08/10/1959,0
09/10/1959,0
10/10/1959,0
11/10/1959,0
12/10/1959,0
13/10/1959,0
14/10/1959,0
15/10/1959,0
16/10/1959,0
17/10/1959,0
18/10/1959,0
19/10/1959,0
20/10/1959,0
21/10/1959,0.04
22/10/1959,0.05
23/10/1959,0.04
24/10/1959,0.04
25/10/1959,0.08
26/10/1959,0.13
27/10/1959,0.12
28/10/1959,0.13
29/10/1959,0.16
30/10/1959,0.16
31/10/1959,0.15
01/11/1959,0.13
02/11/1959,0.14
03/11/1959,0.13
04/11/1959,0.13
05/11/1959,0.12
06/11/1959,0.12
07/11/1959,0.12
08/11/1959,0.12
09/11/1959,0.12
10/11/1959,0.12
11/11/1959,0.08
12/11/1959,0.1
13/11/1959,0.12
14/11/1959,0.13
15/11/1959,0.14
16/11/1959,0.14
17/11/1959,0.14
18/11/1959,0.14
19/11/1959,0.14
20/11/1959,0.14
21/11/1959,0.14
22/11/1959,0.15
23/11/1959,0.16
24/11/1959,0.15
25/11/1959,0.15
26/11/1959,0.17
27/11/1959,0.18
28/11/1959,0.18
29/11/1959,0.18
30/11/1959,0.17
01/12/1959,0.16
02/12/1959,0.16
03/12/1959,0.15
04/12/1959,0.18
05/12/1959,0.21
06/12/1959,0.21
07/12/1959,0.2
08/12/1959,0.19
09/12/1959,0.17
10/12/1959,0.17
11/12/1959,0.17
12/12/1959,0.17
13/12/1959,0.17
14/12/1959,0.17
15/12/1959,0.17
16/12/1959,0.17
17/12/1959,0.17
18/12/1959,0.17
19/12/1959,0.21
20/12/1959,0.22
21/12/1959,0.23
22/12/1959,0.31
23/12/1959,0.31
24/12/1959,0.35
25/12/1959,0.38
26/12/1959,0.39
27/12/1959,0.4
28/12/1959,0.39
29/12/1959,0.39
30/12/1959,0.37
31/12/1959,0.39
01/01/1960,0.4
02/01/1960,0.4
03/01/1960,0.4
04/01/1960,0.42
05/01/1960,0.41
06/01/1960,0.41
07/01/1960,0.44
08/01/1960,0.42
09/01/1960,0.41
10/01/1960,0.43
11/01/1960,0.45
12/01/1960,0.49
13/01/1960,0.49
14/01/1960,0.48
15/01/1960,0.48
16/01/1960,0.48
17/01/1960,0.48
18/01/1960,0.48
19/01/1960,0.47
20/01/1960,0.47
21/01/1960,0.47
22/01/1960,0.47
23/01/1960,0.48
24/01/1960,0.48
25/01/1960,0.49
26/01/1960,0.5
27/01/1960,0.54
28/01/1960,0.54
29/01/1960,0.53
30/01/1960,0.53
31/01/1960,0.52
01/02/1960,0.52
02/02/1960,0.51
03/02/1960,0.51
04/02/1960,0.51
05/02/1960,0.51
06/02/1960,0.49
07/02/1960,0.5
08/02/1960,0.51
09/02/1960,0.53
10/02/1960,0.57
11/02/1960,0.57
12/02/1960,0.56
13/02/1960,0.56
14/02/1960,0.56
15/02/1960,0.56
16/02/1960,0.58
17/02/1960,0.63
18/02/1960,0.63
19/02/1960,0.64
20/02/1960,0.64
21/02/1960,0.64
22/02/1960,0.65
23/02/1960,0.65
24/02/1960,0.64
25/02/1960,0.65
26/02/1960,0.64
27/02/1960,0.64
28/02/1960,0.65
29/02/1960,0.66
01/03/1960,0.66
02/03/1960,0.67
03/03/1960,0.73
04/03/1960,0.71
05/03/1960,0.71
06/03/1960,0.7
07/03/1960,0.7
08/03/1960,0.69
09/03/1960,0.69
10/03/1960,0.69
11/03/1960,0.69
12/03/1960,0.69
13/03/1960,0.71
14/03/1960,0.73
15/03/1960,0.84
16/03/1960,0.87
17/03/1960,0.85
18/03/1960,0.84
19/03/1960,0.83
20/03/1960,0.8
21/03/1960,0.76
22/03/1960,0.72
23/03/1960,0.69
24/03/1960,0.67
25/03/1960,0.65
26/03/1960,0.64
27/03/1960,0.64
28/03/1960,0.63
29/03/1960,0.63
30/03/1960,0.63
31/03/1960,0.63
01/04/1960,0.63
02/04/1960,0.63
03/04/1960,0.63
04/04/1960,0.64
05/04/1960,0.63
06/04/1960,0.61
07/04/1960,0.59
08/04/1960,0.58
09/04/1960,0.56
10/04/1960,0.52
11/04/1960,0.5
12/04/1960,0.47
13/04/1960,0.44
14/04/1960,0.43
15/04/1960,0.42
16/04/1960,0.43
17/04/1960,0.43
18/04/1960,0.43
19/04/1960,0.4
20/04/1960,0.37
21/04/1960,0.34
22/04/1960,0.33
23/04/1960,0.33
24/04/1960,0.35
25/04/1960,0.37
26/04/1960,0.37
27/04/1960,0.33
28/04/1960,0.27
29/04/1960,0.24
30/04/1960,0.26
01/05/1960,0.29
02/05/1960,0.3
03/05/1960,0.3
04/05/1960,0.31
05/05/1960,0.31
06/05/1960,0.33
07/05/1960,0.31
08/05/1960,0.27
09/05/1960,0.25
10/05/1960,0.2
01/11/1960,0
02/11/1960,0
03/11/1960,0
04/11/1960,0
05/11/1960,0.08
06/11/1960,0.08
07/11/1960,0.09
08/11/1960,0.09
09/11/1960,0.09
10/11/1960,0.08
11/11/1960,0.08
12/11/1960,0.09
13/11/1960,0.09
14/11/1960,0.09
15/11/1960,0.09
16/11/1960,0.09
17/11/1960,0.09
18/11/1960,0.09
19/11/1960,0.09
20/11/1960,0.09
21/11/1960,0.1
22/11/1960,0.1
23/11/1960,0.11
24/11/1960,0.11
25/11/1960,0.12
26/11/1960,0.18
27/11/1960,0.18
28/11/1960,0.2
29/11/1960,0.22
30/11/1960,0.23
01/12/1960,0.23
02/12/1960,0.25
03/12/1960,0.24
04/12/1960,0.24
05/12/1960,0.24
06/12/1960,0.25
07/12/1960,0.25
08/12/1960,0.25
09/12/1960,0.26
10/12/1960,0.26
11/12/1960,0.26
12/12/1960,0.29
13/12/1960,0.3
14/12/1960,0.3
15/12/1960,0.29
16/12/1960,0.28
17/12/1960,0.28
18/12/1960,0.28
19/12/1960,0.29
20/12/1960,0.31
21/12/1960,0.32
22/12/1960,0.31
23/12/1960,0.32
24/12/1960,0.33
25/12/1960,0.33
26/12/1960,0.35
27/12/1960,0.37
28/12/1960,0.37
29/12/1960,0.36
30/12/1960,0.36
31/12/1960,0.36
01/01/1961,0.37
02/01/1961,0.37
03/01/1961,0.38
04/01/1961,0.38
05/01/1961,0.46
06/01/1961,0.46
07/01/1961,0.46
08/01/1961,0.45
09/01/1961,0.44
10/01/1961,0.44
11/01/1961,0.44
12/01/1961,0.43
13/01/1961,0.44
14/01/1961,0.44
15/01/1961,0.45
16/01/1961,0.46
17/01/1961,0.47
18/01/1961,0.47
19/01/1961,0.46
20/01/1961,0.46
21/01/1961,0.46
22/01/1961,0.46
23/01/1961,0.46
24/01/1961,0.46
25/01/1961,0.45
26/01/1961,0.45
27/01/1961,0.45
28/01/1961,0.45
29/01/1961,0.5
30/01/1961,0.63
31/01/1961,0.79
01/02/1961,0.8
02/02/1961,0.73
03/02/1961,0.7
04/02/1961,0.68
06/02/1961,0.66
07/02/1961,0.66
08/02/1961,0.68
09/02/1961,0.67
10/02/1961,0.67
11/02/1961,0.67
13/02/1961,0.64
14/02/1961,0.62
15/02/1961,0.62
16/02/1961,0.62
17/02/1961,0.61
18/02/1961,0.62
20/02/1961,0.66
21/02/1961,0.64
22/02/1961,0.63
23/02/1961,0.62
24/02/1961,0.61
25/02/1961,0.6
27/02/1961,0.6
28/02/1961,0.61
01/03/1961,0.61
02/03/1961,0.61
03/03/1961,0.6
04/03/1961,0.6
05/03/1961,0.6
06/03/1961,0.58
07/03/1961,0.58
08/03/1961,0.58
09/03/1961,0.6
10/03/1961,0.6
11/03/1961,0.6
12/03/1961,0.6
13/03/1961,0.58
14/03/1961,0.58
15/03/1961,0.59
16/03/1961,0.59
17/03/1961,0.58
18/03/1961,0.57
19/03/1961,0.57
20/03/1961,0.57
21/03/1961,0.57
22/03/1961,0.57
23/03/1961,0.57
24/03/1961,0.56
25/03/1961,0.56
26/03/1961,0.6
27/03/1961,0.65
28/03/1961,0.64
29/03/1961,0.62
30/03/1961,0.6
31/03/1961,0.6
04/04/1961,0.6
05/04/1961,0.6
06/04/1961,0.59
07/04/1961,0.59
08/04/1961,0.59
10/04/1961,0.58
11/04/1961,0.57
12/04/1961,0.57
13/04/1961,0.57
14/04/1961,0.57
15/04/1961,0.57
17/04/1961,0.55
18/04/1961,0.55
19/04/1961,0.53
20/04/1961,0.53
21/04/1961,0.51
22/04/1961,0.43
24/04/1961,0.35
25/04/1961,0.33
26/04/1961,0.26
27/04/1961,0.25
28/04/1961,0.25
29/04/1961,0.25
30/04/1961,0.23
02/05/1961,0.12
03/05/1961,0.12
04/05/1961,0.1
05/05/1961,0.1
06/05/1961,0.15
08/05/1961,0.21
09/05/1961,0.12
10/05/1961,0.14
12/05/1961,0.06
13/05/1961,0.04
29/10/1961,0.07
30/10/1961,0.1
31/10/1961,0.07
01/11/1961,0.07
02/11/1961,0.07
03/11/1961,0.13
04/11/1961,0.19
05/11/1961,0.25
06/11/1961,0.25
07/11/1961,0.24
08/11/1961,0.23
09/11/1961,0.2
10/11/1961,0.19
11/11/1961,0.18
13/11/1961,0.17
14/11/1961,0.17
15/11/1961,0.23
16/11/1961,0.22
17/11/1961,0.23
18/11/1961,0.23
20/11/1961,0.21
21/11/1961,0.22
22/11/1961,0.2
23/11/1961,0.2
24/11/1961,0.2
25/11/1961,0.21
27/11/1961,0.23
28/11/1961,0.24
29/11/1961,0.24
30/11/1961,0.32
01/12/1961,0.33
02/12/1961,0.33
04/12/1961,0.33
05/12/1961,0.33
06/12/1961,0.36
07/12/1961,0.68
08/12/1961,0.67
09/12/1961,0.68
11/12/1961,0.55
12/12/1961,0.47
13/12/1961,0.47
14/12/1961,0.45
15/12/1961,0.43
16/12/1961,0.4
18/12/1961,0.4
19/12/1961,0.4
20/12/1961,0.39
21/12/1961,0.4
22/12/1961,0.4
23/12/1961,0.4
25/12/1961,0.42
27/12/1961,0.4
28/12/1961,0.41
29/12/1961,0.41
30/12/1961,0.48
02/01/1962,0.48
03/01/1962,0.47
04/01/1962,0.47
05/01/1962,0.46
07/01/1962,0.53
08/01/1962,0.53
09/01/1962,0.52
10/01/1962,0.52
11/01/1962,0.5
12/01/1962,0.51
13/01/1962,0.64
15/01/1962,0.63
16/01/1962,0.63
17/01/1962,0.71
18/01/1962,0.73
19/01/1962,0.73
20/01/1962,0.71
22/01/1962,0.7
23/01/1962,0.68
24/01/1962,0.68
25/01/1962,0.67
26/01/1962,0.67
27/01/1962,0.67
29/01/1962,0.64
30/01/1962,0.62
31/01/1962,0.62
01/02/1962,0.62
02/02/1962,0.62
03/02/1962,0.62
05/02/1962,0.65
06/02/1962,0.65
07/02/1962,0.65
08/02/1962,0.67
09/02/1962,0.66
10/02/1962,0.66
12/02/1962,0.65
13/02/1962,0.67
14/02/1962,0.67
15/02/1962,0.67
16/02/1962,0.68
17/02/1962,0.68
19/02/1962,0.68
20/02/1962,0.7
21/02/1962,0.7
22/02/1962,0.69
23/02/1962,0.67
25/02/1962,0.66
26/02/1962,0.66
27/02/1962,0.66
28/02/1962,0.75
01/03/1962,0.74
02/03/1962,0.74
03/03/1962,0.74
05/03/1962,0.74
06/03/1962,0.72
07/03/1962,0.72
08/03/1962,0.72
09/03/1962,0.72
10/03/1962,0.72
12/03/1962,0.73
13/03/1962,0.73
14/03/1962,0.72
15/03/1962,0.72
16/03/1962,0.72
17/03/1962,0.72
19/03/1962,0.71
20/03/1962,0.71
21/03/1962,0.71
22/03/1962,0.71
23/03/1962,0.71
24/03/1962,0.71
26/03/1962,0.72
27/03/1962,0.72
28/03/1962,0.71
29/03/1962,0.71
30/03/1962,0.72
31/03/1962,0.73
01/04/1962,0.83
02/04/1962,0.83
03/04/1962,0.84
04/04/1962,0.83
05/04/1962,0.81
06/04/1962,0.81
07/04/1962,0.89
09/04/1962,0.93
10/04/1962,0.95
11/04/1962,0.94
12/04/1962,0.95
13/04/1962,1.14
14/04/1962,1.14
15/04/1962,1.1
16/04/1962,1.06
17/04/1962,0.93
18/04/1962,0.89
19/04/1962,0.89
24/04/1962,0.77
25/04/1962,0.75
26/04/1962,0.69
27/04/1962,0.68
28/04/1962,0.58
30/04/1962,0.5
02/05/1962,0.48
03/05/1962,0.46
04/05/1962,0.47
07/05/1962,0.49
08/05/1962,0.47
09/05/1962,0.43
10/05/1962,0.4
11/05/1962,0.38
14/05/1962,0.26
15/05/1962,0.24
16/05/1962,0.17
17/05/1962,0.15
01/06/1962,0.03
15/10/1962,0.04
16/10/1962,0.03
17/10/1962,0.04
18/10/1962,0.02
22/10/1962,0.03
23/10/1962,0.02
25/10/1962,0.02
26/10/1962,0.03
27/10/1962,0.03
29/10/1962,0.04
30/10/1962,0.04
31/10/1962,0.11
01/11/1962,0.09
02/11/1962,0.09
05/11/1962,0.09
06/11/1962,0.09
07/11/1962,0.08
08/11/1962,0.08
09/11/1962,0.08
10/11/1962,0.08
12/11/1962,0.07
13/11/1962,0.07
14/11/1962,0.07
15/11/1962,0.07
16/11/1962,0.18
17/11/1962,0.25
19/11/1962,0.3
20/11/1962,0.31
21/11/1962,0.32
22/11/1962,0.32
23/11/1962,0.32
24/11/1962,0.32
26/11/1962,0.34
27/11/1962,0.34
28/11/1962,0.34
29/11/1962,0.34
30/11/1962,0.33
01/12/1962,0.33
03/12/1962,0.34
04/12/1962,0.34
05/12/1962,0.35
06/12/1962,0.42
07/12/1962,0.46
08/12/1962,0.47
10/12/1962,0.48
11/12/1962,0.49
12/12/1962,0.51
13/12/1962,0.54
14/12/1962,0.51
15/12/1962,0.51
17/12/1962,0.52
18/12/1962,0.52
19/12/1962,0.52
20/12/1962,0.52
21/12/1962,0.51
22/12/1962,0.51
25/12/1962,0.48
26/12/1962,0.47
27/12/1962,0.46
28/12/1962,0.46
29/12/1962,0.46
02/01/1963,0.46
03/01/1963,0.46
04/01/1963,0.46
05/01/1963,0.46
07/01/1963,0.5
08/01/1963,0.51
09/01/1963,0.51
10/01/1963,0.5
11/01/1963,0.49
12/01/1963,0.48
14/01/1963,0.48
15/01/1963,0.49
16/01/1963,0.48
17/01/1963,0.48
18/01/1963,0.47
19/01/1963,0.47
21/01/1963,0.5
22/01/1963,0.5
23/01/1963,0.5
24/01/1963,0.52
25/01/1963,0.52
26/01/1963,0.53
28/01/1963,0.5
29/01/1963,0.5
30/01/1963,0.6
31/01/1963,0.6
01/02/1963,0.6
02/02/1963,0.59
04/02/1963,0.6
05/02/1963,0.66
06/02/1963,0.72
07/02/1963,0.72
08/02/1963,0.72
09/02/1963,0.71
11/02/1963,0.72
12/02/1963,0.72
13/02/1963,0.73
14/02/1963,0.73
15/02/1963,0.72
16/02/1963,0.72
18/02/1963,0.67
19/02/1963,0.65
20/02/1963,0.66
21/02/1963,0.67
22/02/1963,0.68
23/02/1963,0.68
25/02/1963,0.69
26/02/1963,0.67
27/02/1963,0.64
28/02/1963,0.64
01/03/1963,0.63
02/03/1963,0.63
04/03/1963,0.63
05/03/1963,0.63
06/03/1963,0.62
07/03/1963,0.62
08/03/1963,0.63
09/03/1963,0.63
11/03/1963,0.63
12/03/1963,0.63
13/03/1963,0.63
14/03/1963,0.63
15/03/1963,0.63
16/03/1963,0.63
18/03/1963,0.63
19/03/1963,0.63
20/03/1963,0.63
21/03/1963,0.62
22/03/1963,0.62
25/03/1963,0.62
26/03/1963,0.62
27/03/1963,0.62
28/03/1963,0.63
29/03/1963,0.63
01/04/1963,0.64
02/04/1963,0.64
03/04/1963,0.64
04/04/1963,0.65
05/04/1963,0.64
06/04/1963,0.62
08/04/1963,0.6
09/04/1963,0.59
10/04/1963,0.59
11/04/1963,0.59
15/04/1963,0.6
16/04/1963,0.59
17/04/1963,0.59
18/04/1963,0.58
19/04/1963,0.57
20/04/1963,0.57
22/04/1963,0.58
23/04/1963,0.56
24/04/1963,0.56
25/04/1963,0.52
26/04/1963,0.49
29/04/1963,0.31
30/04/1963,0.26
04/05/1963,0.1
14/10/1963,0.03
15/10/1963,0.02
16/10/1963,0.02
17/10/1963,0.03
18/10/1963,0.03
28/10/1963,0.09
29/10/1963,0.11
30/10/1963,0.11
31/10/1963,0.1
01/11/1963,0.07
04/11/1963,0.06
05/11/1963,0.06
06/11/1963,0.12
07/11/1963,0.14
08/11/1963,0.14
09/11/1963,0.22
11/11/1963,0.33
12/11/1963,0.37
13/11/1963,0.43
14/11/1963,0.46
15/11/1963,0.45
16/11/1963,0.45
18/11/1963,0.36
19/11/1963,0.36
20/11/1963,0.47
21/11/1963,0.61
22/11/1963,0.57
23/11/1963,0.5
25/11/1963,0.49
26/11/1963,0.49
27/11/1963,0.41
28/11/1963,0.4
29/11/1963,0.4
30/11/1963,0.4
02/12/1963,0.38
03/12/1963,0.38
04/12/1963,0.38
05/12/1963,0.37
06/12/1963,0.37
07/12/1963,0.37
09/12/1963,0.37
10/12/1963,0.39
11/12/1963,0.39
12/12/1963,0.4
13/12/1963,0.41
14/12/1963,0.49
15/12/1963,0.49
16/12/1963,0.5
17/12/1963,0.51
18/12/1963,0.52
19/12/1963,0.51
20/12/1963,0.5
21/12/1963,0.5
25/12/1963,0.5
27/12/1963,0.51
28/12/1963,0.51
02/01/1964,0.55
03/01/1964,0.55
04/01/1964,0.55
07/01/1964,0.51
08/01/1964,0.51
09/01/1964,0.47
10/01/1964,0.48
11/01/1964,0.52
13/01/1964,0.52
14/01/1964,0.52
15/01/1964,0.51
16/01/1964,0.5
17/01/1964,0.5
18/01/1964,0.49
20/01/1964,0.48
21/01/1964,0.48
23/01/1964,0.48
24/01/1964,0.5
25/01/1964,0.48
27/01/1964,0.46
28/01/1964,0.46
29/01/1964,0.5
30/01/1964,0.48
31/01/1964,0.47
01/02/1964,0.47
02/02/1964,0.47
03/02/1964,0.47
04/02/1964,0.52
05/02/1964,0.52
06/02/1964,0.54
07/02/1964,0.54
08/02/1964,0.6
10/02/1964,0.66
11/02/1964,0.66
12/02/1964,0.65
13/02/1964,0.66
14/02/1964,0.66
15/02/1964,0.66
17/02/1964,0.71
18/02/1964,0.71
19/02/1964,0.69
20/02/1964,0.68
21/02/1964,0.7
22/02/1964,0.69
24/02/1964,0.67
25/02/1964,0.66
26/02/1964,0.66
27/02/1964,0.66
28/02/1964,0.66
29/02/1964,0.64
02/03/1964,0.66
03/03/1964,0.65
04/03/1964,0.65
05/03/1964,0.64
06/03/1964,0.64
07/03/1964,0.64
09/03/1964,0.63
10/03/1964,0.63
11/03/1964,0.63
12/03/1964,0.63
13/03/1964,0.62
14/03/1964,0.62
15/03/1964,0.62
16/03/1964,0.61
17/03/1964,0.61
18/03/1964,0.6
19/03/1964,0.6
20/03/1964,0.6
23/03/1964,0.6
24/03/1964,0.6
25/03/1964,0.6
26/03/1964,0.59
31/03/1964,0.59
01/04/1964,0.59
02/04/1964,0.59
03/04/1964,0.59
05/04/1964,0.58
06/04/1964,0.58
07/04/1964,0.58
08/04/1964,0.58
09/04/1964,0.56
10/04/1964,0.56
13/04/1964,0.71
14/04/1964,0.71
15/04/1964,0.71
16/04/1964,0.71
17/04/1964,0.69
18/04/1964,0.69
20/04/1964,0.87
21/04/1964,0.87
22/04/1964,0.88
23/04/1964,0.8
24/04/1964,0.79
25/04/1964,0.75
26/04/1964,0.69
27/04/1964,0.65
28/04/1964,0.64
29/04/1964,0.53
30/04/1964,0.5
04/05/1964,0.43
05/05/1964,0.4
06/05/1964,0.38
08/05/1964,0.28
09/05/1964,0.18
11/05/1964,0.1
26/10/1964,0.03
27/10/1964,0.04
05/11/1964,0.02
06/11/1964,0.03
07/11/1964,0.1
09/11/1964,0.15
10/11/1964,0.1
11/11/1964,0.08
12/11/1964,0.08
13/11/1964,0.08
14/11/1964,0.07
15/11/1964,0.14
16/11/1964,0.23
17/11/1964,0.24
18/11/1964,0.25
19/11/1964,0.24
20/11/1964,0.26
21/11/1964,0.27
23/11/1964,0.3
24/11/1964,0.32
25/11/1964,0.36
26/11/1964,0.36
27/11/1964,0.52
28/11/1964,0.61
30/11/1964,0.62
01/12/1964,0.62
02/12/1964,0.58
03/12/1964,0.51
04/12/1964,0.56
05/12/1964,0.56
07/12/1964,0.55
08/12/1964,0.53
09/12/1964,0.53
10/12/1964,0.49
11/12/1964,0.48
12/12/1964,0.47
14/12/1964,0.48
15/12/1964,0.52
16/12/1964,0.51
17/12/1964,0.51
18/12/1964,0.5
19/12/1964,0.5
21/12/1964,0.56
22/12/1964,0.54
25/12/1964,0.5
28/12/1964,0.5
29/12/1964,0.49
30/12/1964,0.51
17/10/1996,0.02
18/10/1996,0.1
19/10/1996,0.08
20/10/1996,0.07
21/10/1996,0.06
22/10/1996,0.06
23/10/1996,0.08
24/10/1996,0.06
25/10/1996,0.05
29/10/1996,0.03
30/10/1996,0.09
31/10/1996,0.12
01/11/1996,0.12
02/11/1996,0.14
03/11/1996,0.19
04/11/1996,0.19
05/11/1996,0.19
06/11/1996,0.2
07/11/1996,0.22
08/11/1996,0.25
16/11/1996,0.26
20/11/1996,0.3
21/11/1996,0.32
22/11/1996,0.35
23/11/1996,0.39
29/11/1996,0.45
30/11/1996,0.48
01/12/1996,0.48
02/12/1996,0.48
04/12/1996,0.49
05/12/1996,0.5
06/12/1996,0.5
12/12/1996,0.51
13/12/1996,0.51
17/12/1996,0.52
18/12/1996,0.52
19/12/1996,0.53
25/12/1996,0.26
27/12/1996,0.53
31/12/1996,0.53
03/01/1997,0.53
05/01/1997,0.54
08/01/1997,0.54
13/01/1997,0.56
18/01/1997,0.68
19/01/1997,0.7
30/01/1997,0.72
05/02/1997,0.73
15/02/1997,0.9
28/02/1997,1.01
15/03/1997,0.98
15/04/1997,1.1
08/05/1997,0.4
13/05/1997,0.1
06/10/1997,0.03
14/10/1997,0.02
15/10/1997,0.03
29/10/1997,0.01
15/11/1997,0.1
30/11/1997,0.28
15/12/1997,0.36
18/12/1997,0.27
15/01/1998,0.43
16/02/1998,0.52
15/03/1998,0.61
31/03/1998,0.66
15/04/1998,0.65
30/04/1998,0.3
07/05/1998,0.15
26/05/1998,0.05
27/05/1998,0.18
17/09/1998,0.01
18/09/1998,0.07
28/09/1998,0.1
29/09/1998,0.05
10/10/1998,0.06
11/10/1998,0.14
12/10/1998,0.18
13/10/1998,0.24
15/10/1998,0.37
16/10/1998,0.48
17/10/1998,0.53
23/10/1998,0.4
24/10/1998,0.35
27/10/1998,0.31
31/10/1998,0.37
08/11/1998,0.39
01/12/1998,0.36
31/12/1998,0.33
18/02/1999,0.67
08/04/1999,0.76
08/10/1999,0.06
29/10/1999,0.03
03/11/1999,0.19
26/11/1999,0.21
19/12/1999,0.28
15/01/2000,0.44
31/01/2000,0.6
18/02/2000,0.63
15/03/2000,0.7
17/04/2000,0.39
25/10/2000,0.03
15/11/2000,0.27
15/12/2000,0.45
01/01/2001,0.54
15/01/2001,0.52
15/02/2001,0.6
30/03/2001,0.72
20/05/2001,0.02
02/10/2001,0.02
04/10/2001,0.1
08/10/2001,0.02
21/10/2001,0.01
28/10/2001,0.03
01/11/2001,0.09
22/11/2001,0.23
15/12/2001,0.25
31/12/2001,0.28
01/01/2002,0.28
14/01/2002,0.13
24/02/2002,0.28
06/03/2002,0.35
12/03/2002,0.31
20/03/2002,0.42
15/04/2002,0.12
18/10/2002,0.05
20/12/2002,0.15
19/01/2003,0.53
16/02/2003,0.44
28/02/2003,0.33
15/03/2003,0.35
31/03/2003,0.17
28/04/2003,0.06
06/05/2003,0.02
27/09/2003,0.03
25/10/2003,0.05
27/10/2003,0.13
20/11/2003,0.07
15/12/2003,0.37
17/02/2004,0.55
21/02/2004,0.43
01/04/2004,0.48
13/04/2004,0.23
08/10/2004,0.03
09/10/2004,
10/10/2004,
11/10/2004,
12/10/2004,
16/10/2004,0.02
17/10/2004,
18/10/2004,
19/10/2004,
20/10/2004,
21/10/2004,
22/10/2004,
23/10/2004,0.11
24/10/2004,
25/10/2004,
26/10/2004,
27/10/2004,
28/10/2004,
29/10/2004,
30/10/2004,
31/10/2004,0.1
01/11/2004,
02/11/2004,
03/11/2004,
06/11/2004,
07/11/2004,
08/11/2004,
12/11/2004,
13/11/2004,
14/11/2004,
15/11/2004,0.1
16/11/2004,
17/11/2004,
18/11/2004,
19/11/2004,
20/11/2004,
21/11/2004,
22/11/2004,
23/11/2004,
24/11/2004,
25/11/2004,
26/11/2004,
27/11/2004,
28/11/2004,
29/11/2004,
30/11/2004,
01/12/2004,
02/12/2004,
03/12/2004,
04/12/2004,
05/12/2004,
06/12/2004,
07/12/2004,0.03
08/12/2004,
09/12/2004,
10/12/2004,
11/12/2004,
12/12/2004,
13/12/2004,
14/12/2004,
15/12/2004,
16/12/2004,
17/12/2004,
18/12/2004,
19/12/2004,
20/12/2004,
21/12/2004,
22/12/2004,
23/12/2004,
24/12/2004,
25/12/2004,
26/12/2004,
27/12/2004,
28/12/2004,
29/12/2004,
30/12/2004,
31/12/2004,
01/01/2005,
02/01/2005,
03/01/2005,
04/01/2005,
05/01/2005,
06/01/2005,
07/01/2005,
08/01/2005,
09/01/2005,
10/01/2005,
12/01/2005,
13/01/2005,
14/01/2005,
15/01/2005,0.52
16/01/2005,
17/01/2005,
18/01/2005,
19/01/2005,
20/01/2005,
21/01/2005,
22/01/2005,
23/01/2005,
24/01/2005,
25/01/2005,
27/01/2005,
28/01/2005,
29/01/2005,
30/01/2005,
31/01/2005,
01/02/2005,
02/02/2005,
03/02/2005,
04/02/2005,
05/02/2005,
06/02/2005,
07/02/2005,
08/02/2005,
09/02/2005,
10/02/2005,
11/02/2005,
12/02/2005,
13/02/2005,
14/02/2005,
15/02/2005,0.69
16/02/2005,
17/02/2005,
18/02/2005,
19/02/2005,
20/02/2005,
21/02/2005,
22/02/2005,
23/02/2005,
24/02/2005,
25/02/2005,
26/02/2005,
27/02/2005,
28/02/2005,
01/03/2005,
02/03/2005,
03/03/2005,
04/03/2005,
05/03/2005,
06/03/2005,
07/03/2005,
08/03/2005,
09/03/2005,
10/03/2005,
11/03/2005,
12/03/2005,
13/03/2005,
14/03/2005,
15/03/2005,
16/03/2005,0.63
17/03/2005,
18/03/2005,
19/03/2005,
20/03/2005,
21/03/2005,
22/03/2005,
23/03/2005,
24/03/2005,
25/03/2005,
26/03/2005,
27/03/2005,
28/03/2005,
29/03/2005,
30/03/2005,
31/03/2005,
01/04/2005,
02/04/2005,
03/04/2005,
04/04/2005,
05/04/2005,
06/04/2005,
07/04/2005,
08/04/2005,
09/04/2005,
10/04/2005,
11/04/2005,
12/04/2005,
13/04/2005,
14/04/2005,
15/04/2005,0.25
16/04/2005,
17/04/2005,
18/04/2005,
19/04/2005,
20/04/2005,
21/04/2005,
22/04/2005,
23/04/2005,
24/04/2005,
25/04/2005,0
26/04/2005,0
27/04/2005,0
28/04/2005,0
29/04/2005,0
30/04/2005,0
01/05/2005,0
02/05/2005,0
03/05/2005,
04/05/2005,
07/05/2005,
08/05/2005,
09/05/2005,0
10/05/2005,0
18/05/2005,
19/05/2005,0
20/05/2005,0
22/10/2005,0.03
23/10/2005,
24/10/2005,
25/10/2005,
26/10/2005,0.07
27/10/2005,
28/10/2005,
29/10/2005,0
30/10/2005,0
08/11/2005,
09/11/2005,0
10/11/2005,0
13/11/2005,
14/11/2005,
15/11/2005,0.1
16/11/2005,
17/11/2005,
18/11/2005,
19/11/2005,
20/11/2005,0
21/11/2005,0
22/11/2005,0
23/11/2005,0
25/11/2005,
26/11/2005,
27/11/2005,
28/11/2005,
29/11/2005,
30/11/2005,
01/12/2005,
02/12/2005,
03/12/2005,
04/12/2005,
05/12/2005,
06/12/2005,
07/12/2005,
08/12/2005,
09/12/2005,
10/12/2005,
11/12/2005,
12/12/2005,
13/12/2005,
14/12/2005,
15/12/2005,0.42
16/12/2005,
17/12/2005,
18/12/2005,
19/12/2005,
20/12/2005,
21/12/2005,
22/12/2005,
23/12/2005,
24/12/2005,
25/12/2005,
26/12/2005,
27/12/2005,
28/12/2005,
29/12/2005,
30/12/2005,
31/12/2005,0.68
01/01/2006,
02/01/2006,
03/01/2006,
04/01/2006,
05/01/2006,
06/01/2006,
07/01/2006,
08/01/2006,
09/01/2006,
10/01/2006,
11/01/2006,
12/01/2006,
13/01/2006,
14/01/2006,
15/01/2006,0.6
16/01/2006,
17/01/2006,
18/01/2006,
19/01/2006,
20/01/2006,
21/01/2006,
22/01/2006,
23/01/2006,
24/01/2006,
25/01/2006,
26/01/2006,
27/01/2006,
28/01/2006,
29/01/2006,
30/01/2006,
31/01/2006,
01/02/2006,
02/02/2006,
03/02/2006,
04/02/2006,
05/02/2006,
06/02/2006,
07/02/2006,
08/02/2006,
09/02/2006,
10/02/2006,
11/02/2006,
12/02/2006,
13/02/2006,
14/02/2006,
15/02/2006,
16/02/2006,
17/02/2006,
18/02/2006,
19/02/2006,
20/02/2006,
21/02/2006,
22/02/2006,
23/02/2006,
24/02/2006,
25/02/2006,
26/02/2006,
27/02/2006,
28/02/2006,
01/03/2006,
02/03/2006,
03/03/2006,
04/03/2006,
05/03/2006,
06/03/2006,
07/03/2006,
08/03/2006,
09/03/2006,
10/03/2006,
11/03/2006,
12/03/2006,
13/03/2006,
14/03/2006,
15/03/2006,0.6
16/03/2006,
17/03/2006,
18/03/2006,
19/03/2006,
20/03/2006,
21/03/2006,
22/03/2006,
23/03/2006,
24/03/2006,
25/03/2006,
26/03/2006,
27/03/2006,
28/03/2006,
29/03/2006,
30/03/2006,
31/03/2006,0.69
01/04/2006,
02/04/2006,
03/04/2006,
04/04/2006,
05/04/2006,
06/04/2006,
07/04/2006,
08/04/2006,
09/04/2006,
10/04/2006,
11/04/2006,
12/04/2006,
13/04/2006,
14/04/2006,
15/04/2006,
16/04/2006,
17/04/2006,
18/04/2006,
19/04/2006,
20/04/2006,
21/04/2006,
22/04/2006,
23/04/2006,
24/04/2006,
25/04/2006,
26/04/2006,
27/04/2006,
28/04/2006,0
29/04/2006,0
30/04/2006,0
01/05/2006,0
12/05/2006,0.02
13/05/2006,0.28
14/05/2006,
15/05/2006,
16/05/2006,
17/05/2006,
18/05/2006,0
19/05/2006,0
20/05/2006,0
22/09/2006,0.02
30/09/2006,
01/10/2006,
06/10/2006,
18/10/2006,0.03
19/10/2006,
20/10/2006,
21/10/2006,
22/10/2006,
23/10/2006,
24/10/2006,
25/10/2006,
26/10/2006,
27/10/2006,
28/10/2006,
29/10/2006,
30/10/2006,
31/10/2006,0.07
01/11/2006,
02/11/2006,
03/11/2006,
04/11/2006,
05/11/2006,
06/11/2006,
07/11/2006,
08/11/2006,
09/11/2006,
10/11/2006,
11/11/2006,
12/11/2006,
13/11/2006,
14/11/2006,
15/11/2006,0.28
16/11/2006,
17/11/2006,
18/11/2006,
19/11/2006,
20/11/2006,
21/11/2006,
22/11/2006,
23/11/2006,
24/11/2006,
25/11/2006,
26/11/2006,
27/11/2006,
28/11/2006,
29/11/2006,
30/11/2006,
01/12/2006,
02/12/2006,
03/12/2006,
04/12/2006,
05/12/2006,
06/12/2006,
07/12/2006,
08/12/2006,
09/12/2006,
10/12/2006,
11/12/2006,
12/12/2006,
13/12/2006,
14/12/2006,
15/12/2006,
16/12/2006,
17/12/2006,
18/12/2006,
19/12/2006,
20/12/2006,
21/12/2006,
22/12/2006,
23/12/2006,
24/12/2006,
25/12/2006,
26/12/2006,
27/12/2006,
28/12/2006,
29/12/2006,
30/12/2006,
31/12/2006,
01/01/2007,
02/01/2007,
03/01/2007,
04/01/2007,
05/01/2007,
06/01/2007,
07/01/2007,
08/01/2007,
09/01/2007,
10/01/2007,
11/01/2007,
12/01/2007,
13/01/2007,
14/01/2007,
15/01/2007,0.87
16/01/2007,
17/01/2007,
18/01/2007,
19/01/2007,
20/01/2007,
21/01/2007,
22/01/2007,
23/01/2007,
24/01/2007,
25/01/2007,
26/01/2007,
27/01/2007,
28/01/2007,
29/01/2007,
30/01/2007,
31/01/2007,
01/02/2007,
02/02/2007,
03/02/2007,
04/02/2007,
05/02/2007,
06/02/2007,
07/02/2007,
08/02/2007,
09/02/2007,
10/02/2007,
11/02/2007,
12/02/2007,
13/02/2007,
14/02/2007,
15/02/2007,
16/02/2007,0.95
17/02/2007,
18/02/2007,
19/02/2007,
20/02/2007,
21/02/2007,
22/02/2007,
23/02/2007,
24/02/2007,
25/02/2007,
26/02/2007,
27/02/2007,
28/02/2007,
01/03/2007,0.97
02/03/2007,
03/03/2007,
04/03/2007,
05/03/2007,
06/03/2007,
07/03/2007,
08/03/2007,
09/03/2007,
10/03/2007,
11/03/2007,
12/03/2007,
13/03/2007,
14/03/2007,
15/03/2007,
16/03/2007,
17/03/2007,
18/03/2007,
19/03/2007,
20/03/2007,
21/03/2007,
22/03/2007,
23/03/2007,
24/03/2007,
25/03/2007,
26/03/2007,
27/03/2007,
28/03/2007,
29/03/2007,
30/03/2007,
31/03/2007,
01/04/2007,
02/04/2007,
03/04/2007,
04/04/2007,
05/04/2007,
06/04/2007,
07/04/2007,
08/04/2007,
09/04/2007,
10/04/2007,
11/04/2007,
12/04/2007,
13/04/2007,
14/04/2007,
15/04/2007,0.28
16/04/2007,
17/04/2007,
18/04/2007,
19/04/2007,
20/04/2007,
21/04/2007,
22/04/2007,
23/04/2007,
24/04/2007,0
25/04/2007,0
26/04/2007,0
27/04/2007,0
28/04/2007,0
29/04/2007,0
30/04/2007,0
01/05/2007,0
02/05/2007,
03/05/2007,0
04/05/2007,0
05/05/2007,0
06/05/2007,0
07/05/2007,0
08/05/2007,0
09/05/2007,0
10/05/2007,
11/05/2007,
12/05/2007,
13/05/2007,
14/05/2007,
15/05/2007,
16/05/2007,
17/05/2007,0
30/08/2007,0.02
18/09/2007,
14/10/2007,
15/10/2007,
20/10/2007,
21/10/2007,
01/11/2007,0
02/11/2007,
03/11/2007,
04/11/2007,
05/11/2007,
06/11/2007,
07/11/2007,
08/11/2007,
09/11/2007,
10/11/2007,
11/11/2007,
12/11/2007,
13/11/2007,
14/11/2007,
15/11/2007,0.39
16/11/2007,
17/11/2007,
18/11/2007,
19/11/2007,
20/11/2007,
21/11/2007,
22/11/2007,
23/11/2007,
24/11/2007,
25/11/2007,
26/11/2007,
27/11/2007,
28/11/2007,
29/11/2007,
30/11/2007,
01/12/2007,
02/12/2007,
03/12/2007,
04/12/2007,
05/12/2007,
06/12/2007,
07/12/2007,
08/12/2007,
09/12/2007,
10/12/2007,
11/12/2007,
12/12/2007,
13/12/2007,
14/12/2007,
15/12/2007,0.23
16/12/2007,
17/12/2007,
18/12/2007,
19/12/2007,
20/12/2007,
21/12/2007,
22/12/2007,
23/12/2007,
24/12/2007,
25/12/2007,
26/12/2007,
27/12/2007,
28/12/2007,
29/12/2007,
30/12/2007,
31/12/2007,0.14
01/01/2008,
02/01/2008,
03/01/2008,
04/01/2008,
05/01/2008,
06/01/2008,
07/01/2008,
08/01/2008,
09/01/2008,
10/01/2008,
11/01/2008,
12/01/2008,
13/01/2008,
14/01/2008,
15/01/2008,0.33
16/01/2008,
17/01/2008,
18/01/2008,
19/01/2008,
20/01/2008,
21/01/2008,
22/01/2008,
23/01/2008,
24/01/2008,
25/01/2008,
26/01/2008,
27/01/2008,
28/01/2008,
29/01/2008,
30/01/2008,
31/01/2008,0.57
01/02/2008,
02/02/2008,
03/02/2008,
04/02/2008,
05/02/2008,
06/02/2008,
07/02/2008,
08/02/2008,
09/02/2008,
10/02/2008,
11/02/2008,
12/02/2008,
13/02/2008,
14/02/2008,
15/02/2008,0.62
16/02/2008,
17/02/2008,
18/02/2008,
19/02/2008,
20/02/2008,
21/02/2008,
22/02/2008,
23/02/2008,
24/02/2008,
25/02/2008,
26/02/2008,
27/02/2008,
28/02/2008,
29/02/2008,0.69
01/03/2008,
02/03/2008,
03/03/2008,
04/03/2008,
05/03/2008,
06/03/2008,
07/03/2008,
08/03/2008,
09/03/2008,
10/03/2008,
11/03/2008,
12/03/2008,
13/03/2008,
14/03/2008,
15/03/2008,0.85
16/03/2008,
17/03/2008,
18/03/2008,
19/03/2008,
20/03/2008,
21/03/2008,
22/03/2008,
23/03/2008,
24/03/2008,
25/03/2008,
26/03/2008,
27/03/2008,
28/03/2008,
29/03/2008,
30/03/2008,
31/03/2008,0.97
01/04/2008,
02/04/2008,
03/04/2008,
04/04/2008,
05/04/2008,
06/04/2008,
07/04/2008,
08/04/2008,
09/04/2008,
10/04/2008,
11/04/2008,
12/04/2008,
13/04/2008,
14/04/2008,
15/04/2008,1.13
16/04/2008,
17/04/2008,
18/04/2008,
19/04/2008,
20/04/2008,
21/04/2008,
22/04/2008,
23/04/2008,
24/04/2008,
25/04/2008,
26/04/2008,
27/04/2008,
28/04/2008,
29/04/2008,
30/04/2008,0.15
01/05/2008,
02/05/2008,
03/05/2008,
04/05/2008,
05/05/2008,
06/05/2008,
07/05/2008,
08/05/2008,
11/05/2008,0
12/05/2008,0
18/05/2008,0.05
19/05/2008,
20/05/2008,
21/05/2008,
22/05/2008,
26/05/2008,
09/06/2008,0.1
05/10/2008,
09/10/2008,
14/10/2008,
15/10/2008,0.04
16/10/2008,
17/10/2008,
18/10/2008,
19/10/2008,
20/10/2008,
21/10/2008,
22/10/2008,
23/10/2008,
24/10/2008,
25/10/2008,
26/10/2008,
27/10/2008,
28/10/2008,
29/10/2008,
30/10/2008,
31/10/2008,
01/11/2008,
02/11/2008,
03/11/2008,
04/11/2008,
05/11/2008,
06/11/2008,
07/11/2008,
08/11/2008,
09/11/2008,
10/11/2008,
11/11/2008,
12/11/2008,
13/11/2008,
14/11/2008,
15/11/2008,0.1
16/11/2008,
17/11/2008,
18/11/2008,
19/11/2008,
20/11/2008,
21/11/2008,
22/11/2008,
23/11/2008,
24/11/2008,
25/11/2008,
26/11/2008,
27/11/2008,
28/11/2008,
29/11/2008,
30/11/2008,0.39
01/12/2008,
02/12/2008,
03/12/2008,
04/12/2008,
05/12/2008,
06/12/2008,
07/12/2008,
08/12/2008,
09/12/2008,
10/12/2008,
11/12/2008,
12/12/2008,
13/12/2008,
14/12/2008,
15/12/2008,0.48
16/12/2008,
17/12/2008,
18/12/2008,
19/12/2008,
20/12/2008,
21/12/2008,
22/12/2008,
23/12/2008,
24/12/2008,
25/12/2008,0.02
26/12/2008,
27/12/2008,
28/12/2008,
29/12/2008,
30/12/2008,
31/12/2008,0.33
01/01/2009,
02/01/2009,
03/01/2009,
04/01/2009,
05/01/2009,
06/01/2009,
07/01/2009,
08/01/2009,
09/01/2009,
10/01/2009,
11/01/2009,
12/01/2009,
13/01/2009,
14/01/2009,
15/01/2009,0.35
16/01/2009,
17/01/2009,
18/01/2009,
19/01/2009,
20/01/2009,
21/01/2009,
22/01/2009,
23/01/2009,
24/01/2009,
25/01/2009,
26/01/2009,
27/01/2009,
28/01/2009,
29/01/2009,
30/01/2009,
31/01/2009,0.41
01/02/2009,
02/02/2009,
03/02/2009,
04/02/2009,
05/02/2009,
06/02/2009,
07/02/2009,
08/02/2009,
09/02/2009,
10/02/2009,
11/02/2009,
12/02/2009,
13/02/2009,
14/02/2009,
15/02/2009,0.52
16/02/2009,
17/02/2009,
18/02/2009,
19/02/2009,
20/02/2009,
21/02/2009,
22/02/2009,
23/02/2009,
24/02/2009,
25/02/2009,
26/02/2009,
27/02/2009,
28/02/2009,0.53
01/03/2009,
02/03/2009,
03/03/2009,
04/03/2009,
05/03/2009,
06/03/2009,
07/03/2009,
08/03/2009,
09/03/2009,
10/03/2009,
11/03/2009,
12/03/2009,
13/03/2009,
14/03/2009,
15/03/2009,0.54
16/03/2009,
17/03/2009,
18/03/2009,
19/03/2009,
20/03/2009,
21/03/2009,
22/03/2009,
23/03/2009,
24/03/2009,
25/03/2009,
26/03/2009,
27/03/2009,
28/03/2009,
29/03/2009,
30/03/2009,
31/03/2009,0.56
01/04/2009,
02/04/2009,
03/04/2009,
04/04/2009,
05/04/2009,
06/04/2009,
07/04/2009,
08/04/2009,
09/04/2009,
10/04/2009,
11/04/2009,
12/04/2009,
13/04/2009,
14/04/2009,
15/04/2009,0.46
16/04/2009,
17/04/2009,
18/04/2009,
19/04/2009,
20/04/2009,
21/04/2009,
22/04/2009,
23/04/2009,
24/04/2009,
25/04/2009,
26/04/2009,
27/04/2009,
28/04/2009,
29/04/2009,0
30/04/2009,0
08/05/2009,
28/09/2009,
05/10/2009,
06/10/2009,
07/10/2009,
08/10/2009,
09/10/2009,
10/10/2009,
11/10/2009,
12/10/2009,
13/10/2009,
14/10/2009,
15/10/2009,
19/10/2009,
20/10/2009,
21/10/2009,
22/10/2009,
23/10/2009,
24/10/2009,
25/10/2009,
26/10/2009,
27/10/2009,
28/10/2009,
29/10/2009,
30/10/2009,
31/10/2009,0.07
01/11/2009,
02/11/2009,
03/11/2009,
04/11/2009,
05/11/2009,
06/11/2009,
07/11/2009,
08/11/2009,
09/11/2009,
10/11/2009,
11/11/2009,
12/11/2009,
13/11/2009,
14/11/2009,
15/11/2009,0.13
16/11/2009,
17/11/2009,
18/11/2009,
19/11/2009,
20/11/2009,
21/11/2009,
22/11/2009,
23/11/2009,
24/11/2009,
25/11/2009,
26/11/2009,
27/11/2009,
28/11/2009,
29/11/2009,
30/11/2009,
01/12/2009,
02/12/2009,
03/12/2009,
04/12/2009,
05/12/2009,
06/12/2009,
07/12/2009,
08/12/2009,
09/12/2009,
10/12/2009,
11/12/2009,
12/12/2009,
13/12/2009,
14/12/2009,
15/12/2009,0.28
16/12/2009,
17/12/2009,
18/12/2009,
19/12/2009,
20/12/2009,
21/12/2009,
22/12/2009,
23/12/2009,
24/12/2009,
25/12/2009,
26/12/2009,
27/12/2009,
28/12/2009,
29/12/2009,
30/12/2009,
31/12/2009,0.45
01/01/2010,
02/01/2010,
03/01/2010,
04/01/2010,
05/01/2010,
06/01/2010,
07/01/2010,
08/01/2010,
09/01/2010,
10/01/2010,
11/01/2010,
12/01/2010,
13/01/2010,
14/01/2010,
15/01/2010,0.36
16/01/2010,
17/01/2010,
18/01/2010,
19/01/2010,
20/01/2010,
21/01/2010,
22/01/2010,
23/01/2010,
24/01/2010,
25/01/2010,
26/01/2010,
27/01/2010,
28/01/2010,
29/01/2010,
30/01/2010,
31/01/2010,0.43
01/02/2010,
02/02/2010,
03/02/2010,
04/02/2010,
05/02/2010,
06/02/2010,
07/02/2010,
08/02/2010,
09/02/2010,
10/02/2010,
11/02/2010,
12/02/2010,
13/02/2010,
14/02/2010,
15/02/2010,0.56
16/02/2010,
17/02/2010,
18/02/2010,
19/02/2010,
20/02/2010,
21/02/2010,
22/02/2010,
23/02/2010,
24/02/2010,
25/02/2010,
26/02/2010,
27/02/2010,
28/02/2010,0.62
01/03/2010,
02/03/2010,
03/03/2010,
04/03/2010,
05/03/2010,
06/03/2010,
07/03/2010,
08/03/2010,
09/03/2010,
10/03/2010,
11/03/2010,
12/03/2010,
13/03/2010,
14/03/2010,
15/03/2010,0.6
16/03/2010,
17/03/2010,
18/03/2010,
19/03/2010,
20/03/2010,
21/03/2010,
22/03/2010,
23/03/2010,
24/03/2010,
25/03/2010,
26/03/2010,
27/03/2010,
28/03/2010,
29/03/2010,
30/03/2010,
31/03/2010,0.57
01/04/2010,
02/04/2010,
03/04/2010,
04/04/2010,
05/04/2010,
06/04/2010,
07/04/2010,
08/04/2010,
09/04/2010,
10/04/2010,
11/04/2010,
12/04/2010,
13/04/2010,
14/04/2010,
15/04/2010,0.26
16/04/2010,
17/04/2010,
18/04/2010,
19/04/2010,
20/04/2010,
21/04/2010,
22/04/2010,
23/04/2010,
24/04/2010,
25/04/2010,
26/04/2010,
27/04/2010,
28/04/2010,
29/04/2010,
30/04/2010,
01/05/2010,
02/05/2010,0.23
03/05/2010,
04/05/2010,
05/05/2010,
06/05/2010,
04/11/2021,0.27
05/11/2021,0.27
06/11/2021,0.31
07/11/2021,0.31
08/11/2021,0.3
09/11/2021,0.3
10/11/2021,0.3
11/11/2021,0.3
12/11/2021,0.32
13/11/2021,0.33
14/11/2021,0.33
15/11/2021,0.31
16/11/2021,0.31
17/11/2021,0.3
18/11/2021,0.32
19/11/2021,0.31
20/11/2021,0.31
21/11/2021,0.46
22/11/2021,0.42
23/11/2021,0.41
24/11/2021,0.41
25/11/2021,0.4
26/11/2021,0.4
27/11/2021,0.43
28/11/2021,0.43
29/11/2021,0.42
30/11/2021,0.43
01/12/2021,0.42
02/12/2021,0.5
03/12/2021,0.49
04/12/2021,0.49
05/12/2021,0.47
06/12/2021,0.47
07/12/2021,0.46
08/12/2021,0.46
09/12/2021,0.47
10/12/2021,0.47
11/12/2021,0.47
12/12/2021,0.49
13/12/2021,0.49
14/12/2021,0.5
15/12/2021,0.5
16/12/2021,0.49
17/12/2021,0.48
18/12/2021,0.47
19/12/2021,0.49
20/12/2021,0.52
21/12/2021,0.5
22/12/2021,0.49
23/12/2021,0.58
24/12/2021,
25/12/2021,
26/12/2021,
27/12/2021,0.54
28/12/2021,0.54
29/12/2021,0.55
30/12/2021,0.54
31/12/2021,0.6
01/01/2022,0.59
02/01/2022,0.57
03/01/2022,0.74
04/01/2022,0.77
05/01/2022,0.78
06/01/2022,0.73
07/01/2022,0.7
08/01/2022,0.68
09/01/2022,0.67
10/01/2022,0.67
11/01/2022,0.66
12/01/2022,0.64
13/01/2022,0.61
14/01/2022,0.61
15/01/2022,0.61
16/01/2022,0.6
17/01/2022,0.68
18/01/2022,0.66
19/01/2022,0.62
20/01/2022,0.61
21/01/2022,0.61
22/01/2022,0.61
23/01/2022,0.63
24/01/2022,0.61
25/01/2022,0.6
26/01/2022,0.6
27/01/2022,0.6
28/01/2022,0.6
29/01/2022,0.6
30/01/2022,0.62
31/01/2022,0.62
01/02/2022,0.61
02/02/2022,0.65
03/02/2022,0.71
04/02/2022,0.71
05/02/2022,0.83
06/02/2022,0.8
07/02/2022,0.8
08/02/2022,0.79
09/02/2022,0.77
10/02/2022,0.76
11/02/2022,0.75
12/02/2022,0.74
13/02/2022,0.74
14/02/2022,0.84
15/02/2022,0.82
16/02/2022,0.82
17/02/2022,0.87
18/02/2022,0.95
19/02/2022,0.95
20/02/2022,0.95
21/02/2022,0.95
22/02/2022,0.93
23/02/2022,0.92
24/02/2022,0.93
25/02/2022,0.91
26/02/2022,0.88
27/02/2022,0.83
28/02/2022,0.83
01/03/2022,0.82
02/03/2022,0.81
03/03/2022,0.81
04/03/2022,0.81
05/03/2022,0.8
06/03/2022,0.79
07/03/2022,
08/03/2022,
09/03/2022,
10/03/2022,
11/03/2022,
12/03/2022,
13/03/2022,
14/03/2022,0.78
15/03/2022,0.78
16/03/2022,0.78
17/03/2022,0.78
18/03/2022,0.77
19/03/2022,0.77
20/03/2022,0.73
21/03/2022,0.71
22/03/2022,0.67
23/03/2022,0.67
24/03/2022,0.65
25/03/2022,0.65
26/03/2022,0.71
27/03/2022,0.66
28/03/2022,0.8
29/03/2022,0.76
30/03/2022,0.75
31/03/2022,0.72
01/04/2022,0.71
02/04/2022,0.71
03/04/2022,0.76
04/04/2022,0.8
05/04/2022,0.81
06/04/2022,0.95
07/04/2022,1
08/04/2022,1.04
09/04/2022,1.23
10/04/2022,1.35
11/04/2022,1.37
12/04/2022,1.3
13/04/2022,1.25
14/04/2022,1.24
15/04/2022,1.19
16/04/2022,1.18
17/04/2022,1.15
18/04/2022,1.08
19/04/2022,0.99
20/04/2022,0.88
21/04/2022,0.84
22/04/2022,0.81
23/04/2022,0.79
24/04/2022,0.75
25/04/2022,0.74
26/04/2022,0.69
27/04/2022,0.69
28/04/2022,0.68
29/04/2022,0.67
30/04/2022,0.68
01/05/2022,0.66
02/05/2022,0.66
03/05/2022,0.69
04/05/2022,0.67
05/05/2022,0.63
06/05/2022,0.64
07/05/2022,0.59
08/05/2022,0.55
09/05/2022,0.49
10/05/2022,0.42
11/05/2022,0.37
12/05/2022,0.35
13/05/2022,0.22
14/05/2022,0.13
15/05/2022,0.11
16/05/2022,0
17/05/2022,0
18/05/2022,0
19/05/2022,0
20/05/2022,0
21/05/2022,0
22/05/2022,0
23/05/2022,0
24/05/2022,0
25/05/2022,0
26/05/2022,0
27/05/2022,0
28/05/2022,0
29/05/2022,0
30/05/2022,0
31/05/2022,0
01/06/2022,0
02/06/2022,0
03/06/2022,0
04/06/2022,0
05/06/2022,0
06/06/2022,0
07/06/2022,0
08/06/2022,0
09/06/2022,0
10/06/2022,0
11/06/2022,0
12/06/2022,0
13/06/2022,0
14/06/2022,0
15/06/2022,0
16/06/2022,0
17/06/2022,0
18/06/2022,0
19/06/2022,0
20/06/2022,0
21/06/2022,0
22/06/2022,0
23/06/2022,0
24/06/2022,0
25/06/2022,0
26/06/2022,0
27/06/2022,0
28/06/2022,0
29/06/2022,0
30/06/2022,0
01/07/2022,0
02/07/2022,0
03/07/2022,0
04/07/2022,0
05/07/2022,0
06/07/2022,0
07/07/2022,0
08/07/2022,0
09/07/2022,0
10/07/2022,0
11/07/2022,0
12/07/2022,0
13/07/2022,0
14/07/2022,0
15/07/2022,0
16/07/2022,0
17/07/2022,0
18/07/2022,0
19/07/2022,0
20/07/2022,0
21/07/2022,0
22/07/2022,0
23/07/2022,0
24/07/2022,0
25/07/2022,0
26/07/2022,0
27/07/2022,0
28/07/2022,0
29/07/2022,0
30/07/2022,0
31/07/2022,0
01/08/2022,0
02/08/2022,0
03/08/2022,0
04/08/2022,0
05/08/2022,0
06/08/2022,0
07/08/2022,0
08/08/2022,0
09/08/2022,0
10/08/2022,0
11/08/2022,0
12/08/2022,0
13/08/2022,0
14/08/2022,0
15/08/2022,0
16/08/2022,0
17/08/2022,0
18/08/2022,0
19/08/2022,0
20/08/2022,0
21/08/2022,0
22/08/2022,0
23/08/2022,0
24/08/2022,0
25/08/2022,0
26/08/2022,0
27/08/2022,0
28/08/2022,0
29/08/2022,0
30/08/2022,0
31/08/2022,0
01/09/2022,0
02/09/2022,0
03/09/2022,0
04/09/2022,0
05/09/2022,0
06/09/2022,0
07/09/2022,0
08/09/2022,0
09/09/2022,0
10/09/2022,0
11/09/2022,0
12/09/2022,0
13/09/2022,0
14/09/2022,0
15/09/2022,0
16/09/2022,0
17/09/2022,0
18/09/2022,0
19/09/2022,0
20/09/2022,0
21/09/2022,0
22/09/2022,0
23/09/2022,0
24/09/2022,0
25/09/2022,0
26/09/2022,0
27/09/2022,0
28/09/2022,0
29/09/2022,0
30/09/2022,0
01/10/2022,0
02/10/2022,0
03/10/2022,0
04/10/2022,0
05/10/2022,0
06/10/2022,0
07/10/2022,0
08/10/2022,0
09/10/2022,0
10/10/2022,0
11/10/2022,0
12/10/2022,0
13/10/2022,0
14/10/2022,0
15/10/2022,0
16/10/2022,0
17/10/2022,0
18/10/2022,0
19/10/2022,0
20/10/2022,0
21/10/2022,0.01
22/10/2022,0.01
23/10/2022,0
24/10/2022,0
25/10/2022,0
26/10/2022,0.01
27/10/2022,0
28/10/2022,0.02
29/10/2022,0
30/10/2022,0.02
31/10/2022,0.02
01/11/2022,0
02/11/2022,0
03/11/2022,0
04/11/2022,0
05/11/2022,0
06/11/2022,0
07/11/2022,0.02
08/11/2022,0.04
09/11/2022,0.04
10/11/2022,0.07
11/11/2022,0.18
12/11/2022,0.16
13/11/2022,0.15
14/11/2022,0.15
15/11/2022,0.15
16/11/2022,0.15
17/11/2022,0.15
18/11/2022,0.14
19/11/2022,0.14
20/11/2022,0.14
21/11/2022,0.14
22/11/2022,0.14
23/11/2022,0.16
24/11/2022,0.16
25/11/2022,0.16
26/11/2022,0.15
27/11/2022,0.15
28/11/2022,0.15
29/11/2022,0.16
30/11/2022,0.16
01/12/2022,0.17
02/12/2022,0.17
03/12/2022,0.16
04/12/2022,0.16
05/12/2022,0.2
06/12/2022,0.19
07/12/2022,0.18
08/12/2022,0.25
09/12/2022,0.29
10/12/2022,0.34
11/12/2022,0.35
12/12/2022,0.36
13/12/2022,0.35
14/12/2022,0.35
15/12/2022,0.35
16/12/2022,0.32
17/12/2022,0.3
18/12/2022,0.3
19/12/2022,0.3
20/12/2022,0.29
21/12/2022,0.35
22/12/2022,0.36
23/12/2022,0.37
24/12/2022,
25/12/2022,
26/12/2022,
27/12/2022,
28/12/2022,
29/12/2022,
30/12/2022,0.4
31/12/2022,
01/01/2023,
