MASK,KARTERAD,PALS,PALS_VATT,PALS_HA,PALSVATTHA,Shape_area,Shape_len
INOM,KLAR,"1","1",0.01000000,0.01000000,10000.00000000000,400.00000000000
INOM,KLAR,"4","2",0.04000000,0.02000000,10000.00000000000,400.00000000000
INOM,KLAR,"0","4",0.00000000,0.04000000,10000.00000000000,400.00000000000
INOM,KLAR,"0","1",0.00000000,0.01000000,10000.00000000000,400.00000000000
INOM,KLAR,"5","4",0.05000000,0.04000000,10000.00000000000,400.00000000000
INOM,KLAR,"5","7",0.05000000,0.07000000,10000.00000000000,400.00000000000
INOM,KLAR,"0","1",0.00000000,0.01000000,10000.00000000000,400.00000000000
INOM,KLAR,"14","3",0.14000000,0.03000000,10000.00000000000,400.00000000000
INOM,KLAR,"15","0",0.15000000,0.00000000,10000.00000000000,400.00000000000
INOM,KLAR,"27","0",0.27000000,0.00000000,10000.00000000000,400.00000000000
INOM,KLAR,"26","2",0.26000000,0.02000000,10000.00000000000,400.00000000000
INOM,KLAR,"15","0",0.15000000,0.00000000,10000.00000000000,400.00000000000
INOM,KLAR,"8","3",0.08000000,0.03000000,10000.00000000000,400.00000000000
INOM,KLAR,"0","1",0.00000000,0.01000000,10000.00000000000,400.00000000000
INOM,KLAR,"28","1",0.28000000,0.01000000,10000.00000000000,400.00000000000
INOM,KLAR,"22","1",0.22000000,0.01000000,10000.00000000000,400.00000000000
INOM,KLAR,"20","3",0.20000000,0.03000000,10000.00000000000,400.00000000000
INOM,KLAR,"52","15",0.52000000,0.15000000,10000.00000000000,400.00000000000
INOM,KLAR,"36","1",0.36000000,0.01000000,10000.00000000000,400.00000000000
INOM,KLAR,"10","3",0.10000000,0.03000000,10000.00000000000,400.00000000000
INOM,KLAR,"0","2",0.00000000,0.02000000,10000.00000000000,400.00000000000
INOM,KLAR,"1","0",0.01000000,0.00000000,10000.00000000000,400.00000000000
INOM,KLAR,"38","0",0.38000000,0.00000000,10000.00000000000,400.00000000000
INOM,KLAR,"13","4",0.13000000,0.04000000,10000.00000000000,400.00000000000
INOM,KLAR,"3","1",0.03000000,0.01000000,10000.00000000000,400.00000000000
INOM,KLAR,"30","8",0.30000000,0.08000000,10000.00000000000,400.00000000000
INOM,KLAR,"38","3",0.38000000,0.03000000,10000.00000000000,400.00000000000
INOM,KLAR,"27","1",0.27000000,0.01000000,10000.00000000000,400.00000000000
INOM,KLAR,"32","3",0.32000000,0.03000000,10000.00000000000,400.00000000000
INOM,KLAR,"12","0",0.12000000,0.00000000,10000.00000000000,400.00000000000
INOM,KLAR,"12","2",0.12000000,0.02000000,10000.00000000000,400.00000000000
INOM,KLAR,"8","1",0.08000000,0.01000000,10000.00000000000,400.00000000000
INOM,KLAR,"25","1",0.25000000,0.01000000,10000.00000000000,400.00000000000
INOM,KLAR,"20","0",0.20000000,0.00000000,10000.00000000000,400.00000000000
INOM,KLAR,"24","2",0.24000000,0.02000000,10000.00000000000,400.00000000000
INOM,KLAR,"30","2",0.30000000,0.02000000,10000.00000000000,400.00000000000
INOM,KLAR,"36","2",0.36000000,0.02000000,10000.00000000000,400.00000000000
INOM,KLAR,"44","1",0.44000000,0.01000000,10000.00000000000,400.00000000000
INOM,KLAR,"8","0",0.08000000,0.00000000,10000.00000000000,400.00000000000
INOM,KLAR,"5","0",0.05000000,0.00000000,10000.00000000000,400.00000000000
INOM,KLAR,"14","2",0.14000000,0.02000000,10000.00000000000,400.00000000000
INOM,KLAR,"2","1",0.02000000,0.01000000,10000.00000000000,400.00000000000
INOM,KLAR,"8","4",0.08000000,0.04000000,10000.00000000000,400.00000000000
INOM,KLAR,"23","0",0.23000000,0.00000000,10000.00000000000,400.00000000000
INOM,KLAR,"22","0",0.22000000,0.00000000,10000.00000000000,400.00000000000
INOM,KLAR,"38","2",0.38000000,0.02000000,10000.00000000000,400.00000000000
INOM,KLAR,"14","4",0.14000000,0.04000000,10000.00000000000,400.00000000000
INOM,KLAR,"4","1",0.04000000,0.01000000,10000.00000000000,400.00000000000
INOM,KLAR,"3","4",0.03000000,0.04000000,10000.00000000000,400.00000000000
INOM,KLAR,"8","1",0.08000000,0.01000000,10000.00000000000,400.00000000000
INOM,KLAR,"14","0",0.14000000,0.00000000,10000.00000000000,400.00000000000
INOM,KLAR,"14","0",0.14000000,0.00000000,10000.00000000000,400.00000000000
INOM,KLAR,"27","0",0.27000000,0.00000000,10000.00000000000,400.00000000000
INOM,KLAR,"31","5",0.31000000,0.05000000,10000.00000000000,400.00000000000
INOM,KLAR,"0","2",0.00000000,0.02000000,10000.00000000000,400.00000000000
INOM,KLAR,"0","1",0.00000000,0.01000000,10000.00000000000,400.00000000000
INOM,KLAR,"7","7",0.07000000,0.07000000,10000.00000000000,400.00000000000
INOM,KLAR,"9","1",0.09000000,0.01000000,10000.00000000000,400.00000000000
INOM,KLAR,"39","3",0.39000000,0.03000000,10000.00000000000,400.00000000000
INOM,KLAR,"2","0",0.02000000,0.00000000,10000.00000000000,400.00000000000
INOM,KLAR,"3","1",0.03000000,0.01000000,10000.00000000000,400.00000000000
INOM,KLAR,"11","10",0.11000000,0.10000000,10000.00000000000,400.00000000000
INOM,KLAR,"20","10",0.20000000,0.10000000,10000.00000000000,400.00000000000
INOM,KLAR,"13","0",0.13000000,0.00000000,10000.00000000000,400.00000000000
INOM,KLAR,"0","1",0.00000000,0.01000000,10000.00000000000,400.00000000000
INOM,KLAR,"0","1",0.00000000,0.01000000,10000.00000000000,400.00000000000
INOM,KLAR,"10","2",0.10000000,0.02000000,10000.00000000000,400.00000000000
INOM,KLAR,"1","1",0.01000000,0.01000000,10000.00000000000,400.00000000000
INOM,KLAR,"8","1",0.08000000,0.01000000,10000.00000000000,400.00000000000
INOM,KLAR,"10","4",0.10000000,0.04000000,10000.00000000000,400.00000000000
INOM,KLAR,"17","0",0.17000000,0.00000000,10000.00000000000,400.00000000000
INOM,KLAR,"7","6",0.07000000,0.06000000,10000.00000000000,400.00000000000
INOM,KLAR,"22","9",0.22000000,0.09000000,10000.00000000000,400.00000000000
INOM,KLAR,"2","2",0.02000000,0.02000000,10000.00000000000,400.00000000000
INOM,KLAR,"0","1",0.00000000,0.01000000,10000.00000000000,400.00000000000
INOM,KLAR,"0","1",0.00000000,0.01000000,10000.00000000000,400.00000000000
INOM,KLAR,"0","3",0.00000000,0.03000000,10000.00000000000,400.00000000000
INOM,KLAR,"9","6",0.09000000,0.06000000,10000.00000000000,400.00000000000
INOM,KLAR,"14","21",0.14000000,0.21000000,10000.00000000000,400.00000000000
INOM,KLAR,"2","17",0.02000000,0.17000000,10000.00000000000,400.00000000000
INOM,KLAR,"0","2",0.00000000,0.02000000,10000.00000000000,400.00000000000
INOM,KLAR,"8","16",0.08000000,0.16000000,10000.00000000000,400.00000000000
INOM,KLAR,"2","9",0.02000000,0.09000000,10000.00000000000,400.00000000000
INOM,KLAR,"3","9",0.03000000,0.09000000,10000.00000000000,400.00000000000
INOM,KLAR,"2","21",0.02000000,0.21000000,10000.00000000000,400.00000000000
INOM,KLAR,"0","4",0.00000000,0.04000000,10000.00000000000,400.00000000000
INOM,KLAR,"0","1",0.00000000,0.01000000,10000.00000000000,400.00000000000
INOM,KLAR,"0","2",0.00000000,0.02000000,10000.00000000000,400.00000000000
INOM,KLAR,"0","1",0.00000000,0.01000000,10000.00000000000,400.00000000000
INOM,KLAR,"0","1",0.00000000,0.01000000,10000.00000000000,400.00000000000
INOM,KLAR,"14","16",0.14000000,0.16000000,10000.00000000000,400.00000000000
INOM,KLAR,"0","2",0.00000000,0.02000000,10000.00000000000,400.00000000000
INOM,KLAR,"0","2",0.00000000,0.02000000,10000.00000000000,400.00000000000
INOM,KLAR,"0","2",0.00000000,0.02000000,10000.00000000000,400.00000000000
INOM,KLAR,"0","1",0.00000000,0.01000000,10000.00000000000,400.00000000000
INOM,KLAR,"0","2",0.00000000,0.02000000,10000.00000000000,400.00000000000
INOM,KLAR,"0","4",0.00000000,0.04000000,10000.00000000000,400.00000000000
INOM,KLAR,"0","7",0.00000000,0.07000000,10000.00000000000,400.00000000000
INOM,KLAR,"0","1",0.00000000,0.01000000,10000.00000000000,400.00000000000
INOM,KLAR,"13","2",0.13000000,0.02000000,10000.00000000000,400.00000000000
INOM,KLAR,"3","15",0.03000000,0.15000000,10000.00000000000,400.00000000000
INOM,KLAR,"0","10",0.00000000,0.10000000,10000.00000000000,400.00000000000
INOM,KLAR,"0","7",0.00000000,0.07000000,10000.00000000000,400.00000000000
INOM,KLAR,"0","7",0.00000000,0.07000000,10000.00000000000,400.00000000000
INOM,KLAR,"0","5",0.00000000,0.05000000,10000.00000000000,400.00000000000
INOM,KLAR,"14","4",0.14000000,0.04000000,10000.00000000000,400.00000000000
INOM,KLAR,"0","1",0.00000000,0.01000000,10000.00000000000,400.00000000000
INOM,KLAR,"13","2",0.13000000,0.02000000,10000.00000000000,400.00000000000
INOM,KLAR,"0","3",0.00000000,0.03000000,10000.00000000000,400.00000000000
INOM,KLAR,"0","4",0.00000000,0.04000000,10000.00000000000,400.00000000000
INOM,KLAR,"0","1",0.00000000,0.01000000,10000.00000000000,400.00000000000
INOM,KLAR,"0","3",0.00000000,0.03000000,10000.00000000000,400.00000000000
INOM,KLAR,"0","5",0.00000000,0.05000000,10000.00000000000,400.00000000000
INOM,KLAR,"4","4",0.04000000,0.04000000,10000.00000000000,400.00000000000
INOM,KLAR,"2","0",0.02000000,0.00000000,10000.00000000000,400.00000000000
INOM,KLAR,"0","1",0.00000000,0.01000000,10000.00000000000,400.00000000000
INOM,KLAR,"0","2",0.00000000,0.02000000,10000.00000000000,400.00000000000
INOM,KLAR,"0","8",0.00000000,0.08000000,10000.00000000000,400.00000000000
INOM,KLAR,"0","7",0.00000000,0.07000000,10000.00000000000,400.00000000000
INOM,KLAR,"0","2",0.00000000,0.02000000,10000.00000000000,400.00000000000
INOM,KLAR,"0","1",0.00000000,0.01000000,10000.00000000000,400.00000000000
INOM,KLAR,"0","28",0.00000000,0.28000000,10000.00000000000,400.00000000000
INOM,KLAR,"0","26",0.00000000,0.26000000,10000.00000000000,400.00000000000
INOM,KLAR,"8","1",0.08000000,0.01000000,10000.00000000000,400.00000000000
INOM,KLAR,"16","1",0.16000000,0.01000000,10000.00000000000,400.00000000000
INOM,KLAR,"0","2",0.00000000,0.02000000,10000.00000000000,400.00000000000
INOM,KLAR,"0","2",0.00000000,0.02000000,10000.00000000000,400.00000000000
INOM,KLAR,"0","1",0.00000000,0.01000000,10000.00000000000,400.00000000000
INOM,KLAR,"0","2",0.00000000,0.02000000,10000.00000000000,400.00000000000
INOM,KLAR,"0","2",0.00000000,0.02000000,10000.00000000000,400.00000000000
INOM,KLAR,"2","6",0.02000000,0.06000000,10000.00000000000,400.00000000000
INOM,KLAR,"2","6",0.02000000,0.06000000,10000.00000000000,400.00000000000
INOM,KLAR,"0","6",0.00000000,0.06000000,10000.00000000000,400.00000000000
INOM,KLAR,"1","27",0.01000000,0.27000000,10000.00000000000,400.00000000000
INOM,KLAR,"0","5",0.00000000,0.05000000,10000.00000000000,400.00000000000
INOM,KLAR,"0","23",0.00000000,0.23000000,10000.00000000000,400.00000000000
INOM,KLAR,"0","25",0.00000000,0.25000000,10000.00000000000,400.00000000000
INOM,KLAR,"0","4",0.00000000,0.04000000,10000.00000000000,400.00000000000
INOM,KLAR,"35","3",0.35000000,0.03000000,10000.00000000000,400.00000000000
INOM,KLAR,"17","6",0.17000000,0.06000000,10000.00000000000,400.00000000000
INOM,KLAR,"14","1",0.14000000,0.01000000,10000.00000000000,400.00000000000
INOM,KLAR,"5","5",0.05000000,0.05000000,10000.00000000000,400.00000000000
INOM,KLAR,"13","8",0.13000000,0.08000000,10000.00000000000,400.00000000000
INOM,KLAR,"28","4",0.28000000,0.04000000,10000.00000000000,400.00000000000
INOM,KLAR,"42","2",0.42000000,0.02000000,10000.00000000000,400.00000000000
INOM,KLAR,"7","1",0.07000000,0.01000000,10000.00000000000,400.00000000000
INOM,KLAR,"2","0",0.02000000,0.00000000,10000.00000000000,400.00000000000
INOM,KLAR,"0","39",0.00000000,0.39000000,10000.00000000000,400.00000000000
INOM,KLAR,"0","6",0.00000000,0.06000000,10000.00000000000,400.00000000000
INOM,KLAR,"1","1",0.01000000,0.01000000,10000.00000000000,400.00000000000
INOM,KLAR,"0","4",0.00000000,0.04000000,10000.00000000000,400.00000000000
INOM,KLAR,"4","9",0.04000000,0.09000000,10000.00000000000,400.00000000000
INOM,KLAR,"0","2",0.00000000,0.02000000,10000.00000000000,400.00000000000
INOM,KLAR,"1","1",0.01000000,0.01000000,10000.00000000000,400.00000000000
INOM,KLAR,"3","0",0.03000000,0.00000000,10000.00000000000,400.00000000000
INOM,KLAR,"62","1",0.62000000,0.01000000,10000.00000000000,400.00000000000
INOM,KLAR,"32","3",0.32000000,0.03000000,10000.00000000000,400.00000000000
INOM,KLAR,"0","1",0.00000000,0.01000000,10000.00000000000,400.00000000000
INOM,KLAR,"0","1",0.00000000,0.01000000,10000.00000000000,400.00000000000
INOM,KLAR,"0","2",0.00000000,0.02000000,10000.00000000000,400.00000000000
INOM,KLAR,"0","1",0.00000000,0.01000000,10000.00000000000,400.00000000000
INOM,KLAR,"5","3",0.05000000,0.03000000,10000.00000000000,400.00000000000
INOM,KLAR,"1","1",0.01000000,0.01000000,10000.00000000000,400.00000000000
INOM,KLAR,"5","26",0.05000000,0.26000000,10000.00000000000,400.00000000000
INOM,KLAR,"4","6",0.04000000,0.06000000,10000.00000000000,400.00000000000
INOM,KLAR,"24","0",0.24000000,0.00000000,10000.00000000000,400.00000000000
INOM,KLAR,"3","0",0.03000000,0.00000000,10000.00000000000,400.00000000000
INOM,KLAR,"0","3",0.00000000,0.03000000,10000.00000000000,400.00000000000
INOM,KLAR,"4","4",0.04000000,0.04000000,10000.00000000000,400.00000000000
INOM,KLAR,"2","1",0.02000000,0.01000000,10000.00000000000,400.00000000000
INOM,KLAR,"4","3",0.04000000,0.03000000,10000.00000000000,400.00000000000
INOM,KLAR,"18","2",0.18000000,0.02000000,10000.00000000000,400.00000000000
INOM,KLAR,"0","1",0.00000000,0.01000000,10000.00000000000,400.00000000000
INOM,KLAR,"22","2",0.22000000,0.02000000,10000.00000000000,400.00000000000
INOM,KLAR,"1","0",0.01000000,0.00000000,10000.00000000000,400.00000000000
INOM,KLAR,"2","3",0.02000000,0.03000000,10000.00000000000,400.00000000000
INOM,KLAR,"1","1",0.01000000,0.01000000,10000.00000000000,400.00000000000
INOM,KLAR,"0","2",0.00000000,0.02000000,10000.00000000000,400.00000000000
INOM,KLAR,"6","1",0.06000000,0.01000000,10000.00000000000,400.00000000000
INOM,KLAR,"9","1",0.09000000,0.01000000,10000.00000000000,400.00000000000
INOM,KLAR,"4","1",0.04000000,0.01000000,10000.00000000000,400.00000000000
INOM,KLAR,"3","0",0.03000000,0.00000000,10000.00000000000,400.00000000000
INOM,KLAR,"8","1",0.08000000,0.01000000,10000.00000000000,400.00000000000
INOM,KLAR,"7","4",0.07000000,0.04000000,10000.00000000000,400.00000000000
INOM,KLAR,"2","9",0.02000000,0.09000000,10000.00000000000,400.00000000000
INOM,KLAR,"0","2",0.00000000,0.02000000,10000.00000000000,400.00000000000
INOM,KLAR,"1","0",0.01000000,0.00000000,10000.00000000000,400.00000000000
INOM,KLAR,"2","0",0.02000000,0.00000000,10000.00000000000,400.00000000000
INOM,KLAR,"8","11",0.08000000,0.11000000,10000.00000000000,400.00000000000
INOM,KLAR,"24","2",0.24000000,0.02000000,10000.00000000000,400.00000000000
INOM,KLAR,"2","1",0.02000000,0.01000000,10000.00000000000,400.00000000000
INOM,KLAR,"0","2",0.00000000,0.02000000,10000.00000000000,400.00000000000
INOM,KLAR,"20","4",0.20000000,0.04000000,10000.00000000000,400.00000000000
INOM,KLAR,"9","4",0.09000000,0.04000000,10000.00000000000,400.00000000000
INOM,KLAR,"5","6",0.05000000,0.06000000,10000.00000000000,400.00000000000
INOM,KLAR,"0","4",0.00000000,0.04000000,10000.00000000000,400.00000000000
INOM,KLAR,"4","10",0.04000000,0.10000000,10000.00000000000,400.00000000000
INOM,KLAR,"11","17",0.11000000,0.17000000,10000.00000000000,400.00000000000
INOM,KLAR,"12","21",0.12000000,0.21000000,10000.00000000000,400.00000000000
INOM,KLAR,"4","5",0.04000000,0.05000000,10000.00000000000,400.00000000000
INOM,KLAR,"2","12",0.02000000,0.12000000,10000.00000000000,400.00000000000
INOM,KLAR,"2","9",0.02000000,0.09000000,10000.00000000000,400.00000000000
INOM,KLAR,"1","5",0.01000000,0.05000000,10000.00000000000,400.00000000000
INOM,KLAR,"0","1",0.00000000,0.01000000,10000.00000000000,400.00000000000
INOM,KLAR,"0","5",0.00000000,0.05000000,10000.00000000000,400.00000000000
INOM,KLAR,"2","0",0.02000000,0.00000000,10000.00000000000,400.00000000000
INOM,KLAR,"16","12",0.16000000,0.12000000,10000.00000000000,400.00000000000
INOM,KLAR,"17","6",0.17000000,0.06000000,10000.00000000000,400.00000000000
INOM,KLAR,"2","5",0.02000000,0.05000000,10000.00000000000,400.00000000000
INOM,KLAR,"0","2",0.00000000,0.02000000,10000.00000000000,400.00000000000
INOM,KLAR,"0","3",0.00000000,0.03000000,10000.00000000000,400.00000000000
INOM,KLAR,"18","8",0.18000000,0.08000000,10000.00000000000,400.00000000000
INOM,KLAR,"14","3",0.14000000,0.03000000,10000.00000000000,400.00000000000
INOM,KLAR,"8","4",0.08000000,0.04000000,10000.00000000000,400.00000000000
INOM,KLAR,"3","2",0.03000000,0.02000000,10000.00000000000,400.00000000000
INOM,KLAR,"0","6",0.00000000,0.06000000,10000.00000000000,400.00000000000
INOM,KLAR,"0","4",0.00000000,0.04000000,10000.00000000000,400.00000000000
INOM,KLAR,"3","3",0.03000000,0.03000000,10000.00000000000,400.00000000000
INOM,KLAR,"1","3",0.01000000,0.03000000,10000.00000000000,400.00000000000
INOM,KLAR,"0","2",0.00000000,0.02000000,10000.00000000000,400.00000000000
INOM,KLAR,"21","0",0.21000000,0.00000000,10000.00000000000,400.00000000000
INOM,KLAR,"21","0",0.21000000,0.00000000,10000.00000000000,400.00000000000
INOM,KLAR,"3","1",0.03000000,0.01000000,10000.00000000000,400.00000000000
INOM,KLAR,"3","1",0.03000000,0.01000000,10000.00000000000,400.00000000000
INOM,KLAR,"2","0",0.02000000,0.00000000,10000.00000000000,400.00000000000
INOM,KLAR,"3","0",0.03000000,0.00000000,10000.00000000000,400.00000000000
INOM,KLAR,"8","1",0.08000000,0.01000000,10000.00000000000,400.00000000000
INOM,KLAR,"8","1",0.08000000,0.01000000,10000.00000000000,400.00000000000
INOM,KLAR,"10","1",0.10000000,0.01000000,10000.00000000000,400.00000000000
INOM,KLAR,"52","1",0.52000000,0.01000000,10000.00000000000,400.00000000000
INOM,KLAR,"51","1",0.51000000,0.01000000,10000.00000000000,400.00000000000
INOM,KLAR,"2","0",0.02000000,0.00000000,10000.00000000000,400.00000000000
INOM,KLAR,"4","0",0.04000000,0.00000000,10000.00000000000,400.00000000000
UTANFOR_M_P,KLAR,"14","0",0.14000000,0.00000000,10000.00000000000,400.00000000000
UTANFOR_M_P,KLAR,"28","0",0.28000000,0.00000000,10000.00000000000,400.00000000000
INOM,KLAR,"29","0",0.29000000,0.00000000,10000.00000000000,400.00000000000
INOM,KLAR,"44","0",0.44000000,0.00000000,10000.00000000000,400.00000000000
INOM,KLAR,"20","1",0.20000000,0.01000000,10000.00000000000,400.00000000000
INOM,KLAR,"7","0",0.07000000,0.00000000,10000.00000000000,400.00000000000
INOM,KLAR,"1","0",0.01000000,0.00000000,10000.00000000000,400.00000000000
INOM,KLAR,"5","0",0.05000000,0.00000000,10000.00000000000,400.00000000000
INOM,KLAR,"15","1",0.15000000,0.01000000,10000.00000000000,400.00000000000
INOM,KLAR,"6","1",0.06000000,0.01000000,10000.00000000000,400.00000000000
INOM,KLAR,"2","0",0.02000000,0.00000000,10000.00000000000,400.00000000000
INOM,KLAR,"17","1",0.17000000,0.01000000,10000.00000000000,400.00000000000
INOM,KLAR,"4","0",0.04000000,0.00000000,10000.00000000000,400.00000000000
INOM,KLAR,"3","0",0.03000000,0.00000000,10000.00000000000,400.00000000000
INOM,KLAR,"40","0",0.40000000,0.00000000,10000.00000000000,400.00000000000
INOM,KLAR,"5","1",0.05000000,0.01000000,10000.00000000000,400.00000000000
UTANFOR_M_P,KLAR,"5","0",0.05000000,0.00000000,10000.00000000000,400.00000000000
UTANFOR_M_P,KLAR,"32","0",0.32000000,0.00000000,10000.00000000000,400.00000000000
UTANFOR_M_P,KLAR,"29","0",0.29000000,0.00000000,10000.00000000000,400.00000000000
INOM,KLAR,"4","0",0.04000000,0.00000000,10000.00000000000,400.00000000000
INOM,KLAR,"15","0",0.15000000,0.00000000,10000.00000000000,400.00000000000
INOM,KLAR,"6","0",0.06000000,0.00000000,10000.00000000000,400.00000000000
INOM,KLAR,"29","0",0.29000000,0.00000000,10000.00000000000,400.00000000000
INOM,KLAR,"49","0",0.49000000,0.00000000,10000.00000000000,400.00000000000
INOM,KLAR,"52","0",0.52000000,0.00000000,10000.00000000000,400.00000000000
INOM,KLAR,"15","0",0.15000000,0.00000000,10000.00000000000,400.00000000000
INOM,KLAR,"1","1",0.01000000,0.01000000,10000.00000000000,400.00000000000
INOM,KLAR,"27","0",0.27000000,0.00000000,10000.00000000000,400.00000000000
INOM,KLAR,"25","0",0.25000000,0.00000000,10000.00000000000,400.00000000000
INOM,KLAR,"41","3",0.41000000,0.03000000,10000.00000000000,400.00000000000
INOM,KLAR,"20","1",0.20000000,0.01000000,10000.00000000000,400.00000000000
UTANFOR_M_P,KLAR,"9","0",0.09000000,0.00000000,10000.00000000000,400.00000000000
UTANFOR_M_P,KLAR,"5","0",0.05000000,0.00000000,10000.00000000000,400.00000000000
UTANFOR_M_P,KLAR,"24","0",0.24000000,0.00000000,10000.00000000000,400.00000000000
INOM,KLAR,"3","0",0.03000000,0.00000000,10000.00000000000,400.00000000000
INOM,KLAR,"38","0",0.38000000,0.00000000,10000.00000000000,400.00000000000
INOM,KLAR,"65","0",0.65000000,0.00000000,10000.00000000000,400.00000000000
INOM,KLAR,"65","0",0.65000000,0.00000000,10000.00000000000,400.00000000000
INOM,KLAR,"18","1",0.18000000,0.01000000,10000.00000000000,400.00000000000
INOM,KLAR,"8","0",0.08000000,0.00000000,10000.00000000000,400.00000000000
INOM,KLAR,"59","0",0.59000000,0.00000000,10000.00000000000,400.00000000000
INOM,KLAR,"33","5",0.33000000,0.05000000,10000.00000000000,400.00000000000
INOM,KLAR,"0","1",0.00000000,0.01000000,10000.00000000000,400.00000000000
INOM,KLAR,"7","3",0.07000000,0.03000000,10000.00000000000,400.00000000000
INOM,KLAR,"3","0",0.03000000,0.00000000,10000.00000000000,400.00000000000
INOM,KLAR,"23","1",0.23000000,0.01000000,10000.00000000000,400.00000000000
INOM,KLAR,"9","1",0.09000000,0.01000000,10000.00000000000,400.00000000000
INOM,KLAR,"46","0",0.46000000,0.00000000,10000.00000000000,400.00000000000
INOM,KLAR,"32","0",0.32000000,0.00000000,10000.00000000000,400.00000000000
INOM,KLAR,"47","0",0.47000000,0.00000000,10000.00000000000,400.00000000000
INOM,KLAR,"2","0",0.02000000,0.00000000,10000.00000000000,400.00000000000
INOM,KLAR,"27","0",0.27000000,0.00000000,10000.00000000000,400.00000000000
INOM,KLAR,"26","1",0.26000000,0.01000000,10000.00000000000,400.00000000000
INOM,KLAR,"19","1",0.19000000,0.01000000,10000.00000000000,400.00000000000
INOM,KLAR,"3","0",0.03000000,0.00000000,10000.00000000000,400.00000000000
INOM,KLAR,"9","0",0.09000000,0.00000000,10000.00000000000,400.00000000000
INOM,KLAR,"33","0",0.33000000,0.00000000,10000.00000000000,400.00000000000
INOM,KLAR,"2","0",0.02000000,0.00000000,10000.00000000000,400.00000000000
INOM,KLAR,"12","1",0.12000000,0.01000000,10000.00000000000,400.00000000000
INOM,KLAR,"20","0",0.20000000,0.00000000,10000.00000000000,400.00000000000
INOM,KLAR,"8","1",0.08000000,0.01000000,10000.00000000000,400.00000000000
INOM,KLAR,"13","0",0.13000000,0.00000000,10000.00000000000,400.00000000000
INOM,KLAR,"11","0",0.11000000,0.00000000,10000.00000000000,400.00000000000
INOM,KLAR,"38","0",0.38000000,0.00000000,10000.00000000000,400.00000000000
INOM,KLAR,"2","0",0.02000000,0.00000000,10000.00000000000,400.00000000000
INOM,KLAR,"9","1",0.09000000,0.01000000,10000.00000000000,400.00000000000
INOM,KLAR,"2","1",0.02000000,0.01000000,10000.00000000000,400.00000000000
INOM,KLAR,"6","0",0.06000000,0.00000000,10000.00000000000,400.00000000000
INOM,KLAR,"26","0",0.26000000,0.00000000,10000.00000000000,400.00000000000
INOM,KLAR,"9","0",0.09000000,0.00000000,10000.00000000000,400.00000000000
INOM,KLAR,"9","0",0.09000000,0.00000000,10000.00000000000,400.00000000000
INOM,KLAR,"1","0",0.01000000,0.00000000,10000.00000000000,400.00000000000
INOM,KLAR,"0","7",0.00000000,0.07000000,10000.00000000000,400.00000000000
INOM,KLAR,"19","9",0.19000000,0.09000000,10000.00000000000,400.00000000000
INOM,KLAR,"15","3",0.15000000,0.03000000,10000.00000000000,400.00000000000
INOM,KLAR,"5","0",0.05000000,0.00000000,10000.00000000000,400.00000000000
INOM,KLAR,"62","0",0.62000000,0.00000000,10000.00000000000,400.00000000000
INOM,KLAR,"36","2",0.36000000,0.02000000,10000.00000000000,400.00000000000
INOM,KLAR,"20","2",0.20000000,0.02000000,10000.00000000000,400.00000000000
INOM,KLAR,"25","1",0.25000000,0.01000000,10000.00000000000,400.00000000000
INOM,KLAR,"19","0",0.19000000,0.00000000,10000.00000000000,400.00000000000
INOM,KLAR,"24","7",0.24000000,0.07000000,10000.00000000000,400.00000000000
INOM,KLAR,"2","2",0.02000000,0.02000000,10000.00000000000,400.00000000000
INOM,KLAR,"14","2",0.14000000,0.02000000,10000.00000000000,400.00000000000
INOM,KLAR,"17","0",0.17000000,0.00000000,10000.00000000000,400.00000000000
INOM,KLAR,"8","0",0.08000000,0.00000000,10000.00000000000,400.00000000000
INOM,KLAR,"62","0",0.62000000,0.00000000,10000.00000000000,400.00000000000
INOM,KLAR,"45","0",0.45000000,0.00000000,10000.00000000000,400.00000000000
INOM,KLAR,"41","0",0.41000000,0.00000000,10000.00000000000,400.00000000000
INOM,KLAR,"7","0",0.07000000,0.00000000,10000.00000000000,400.00000000000
INOM,KLAR,"1","0",0.01000000,0.00000000,10000.00000000000,400.00000000000
INOM,KLAR,"44","3",0.44000000,0.03000000,10000.00000000000,400.00000000000
INOM,KLAR,"34","4",0.34000000,0.04000000,10000.00000000000,400.00000000000
INOM,KLAR,"1","0",0.01000000,0.00000000,10000.00000000000,400.00000000000
INOM,KLAR,"50","1",0.50000000,0.01000000,10000.00000000000,400.00000000000
INOM,KLAR,"11","0",0.11000000,0.00000000,10000.00000000000,400.00000000000
INOM,KLAR,"23","1",0.23000000,0.01000000,10000.00000000000,400.00000000000
INOM,KLAR,"19","0",0.19000000,0.00000000,10000.00000000000,400.00000000000
INOM,KLAR,"5","0",0.05000000,0.00000000,10000.00000000000,400.00000000000
INOM,KLAR,"36","0",0.36000000,0.00000000,10000.00000000000,400.00000000000
INOM,KLAR,"4","0",0.04000000,0.00000000,10000.00000000000,400.00000000000
INOM,KLAR,"16","0",0.16000000,0.00000000,10000.00000000000,400.00000000000
INOM,KLAR,"51","2",0.51000000,0.02000000,10000.00000000000,400.00000000000
INOM,KLAR,"10","10",0.10000000,0.10000000,10000.00000000000,400.00000000000
INOM,KLAR,"4","1",0.04000000,0.01000000,10000.00000000000,400.00000000000
INOM,KLAR,"16","0",0.16000000,0.00000000,10000.00000000000,400.00000000000
INOM,KLAR,"29","0",0.29000000,0.00000000,10000.00000000000,400.00000000000
INOM,KLAR,"18","3",0.18000000,0.03000000,10000.00000000000,400.00000000000
INOM,KLAR,"25","1",0.25000000,0.01000000,10000.00000000000,400.00000000000
INOM,KLAR,"65","1",0.65000000,0.01000000,10000.00000000000,400.00000000000
INOM,KLAR,"18","0",0.18000000,0.00000000,10000.00000000000,400.00000000000
INOM,KLAR,"2","0",0.02000000,0.00000000,10000.00000000000,400.00000000000
INOM,KLAR,"22","1",0.22000000,0.01000000,10000.00000000000,400.00000000000
INOM,KLAR,"13","0",0.13000000,0.00000000,10000.00000000000,400.00000000000
INOM,KLAR,"2","0",0.02000000,0.00000000,10000.00000000000,400.00000000000
INOM,KLAR,"10","0",0.10000000,0.00000000,10000.00000000000,400.00000000000
INOM,KLAR,"36","0",0.36000000,0.00000000,10000.00000000000,400.00000000000
INOM,KLAR,"31","0",0.31000000,0.00000000,10000.00000000000,400.00000000000
INOM,KLAR,"1","0",0.01000000,0.00000000,10000.00000000000,400.00000000000
INOM,KLAR,"10","1",0.10000000,0.01000000,10000.00000000000,400.00000000000
INOM,KLAR,"17","0",0.17000000,0.00000000,10000.00000000000,400.00000000000
INOM,KLAR,"2","0",0.02000000,0.00000000,10000.00000000000,400.00000000000
INOM,KLAR,"16","1",0.16000000,0.01000000,10000.00000000000,400.00000000000
INOM,KLAR,"50","0",0.50000000,0.00000000,10000.00000000000,400.00000000000
INOM,KLAR,"1","3",0.01000000,0.03000000,10000.00000000000,400.00000000000
INOM,KLAR,"17","7",0.17000000,0.07000000,10000.00000000000,400.00000000000
INOM,KLAR,"8","5",0.08000000,0.05000000,10000.00000000000,400.00000000000
INOM,KLAR,"30","0",0.30000000,0.00000000,10000.00000000000,400.00000000000
INOM,KLAR,"6","0",0.06000000,0.00000000,10000.00000000000,400.00000000000
INOM,KLAR,"30","0",0.30000000,0.00000000,10000.00000000000,400.00000000000
INOM,KLAR,"49","0",0.49000000,0.00000000,10000.00000000000,400.00000000000
INOM,KLAR,"9","0",0.09000000,0.00000000,10000.00000000000,400.00000000000
INOM,KLAR,"3","0",0.03000000,0.00000000,10000.00000000000,400.00000000000
INOM,KLAR,"13","0",0.13000000,0.00000000,10000.00000000000,400.00000000000
INOM,KLAR,"19","0",0.19000000,0.00000000,10000.00000000000,400.00000000000
INOM,KLAR,"25","1",0.25000000,0.01000000,10000.00000000000,400.00000000000
INOM,KLAR,"3","0",0.03000000,0.00000000,10000.00000000000,400.00000000000
INOM,KLAR,"46","1",0.46000000,0.01000000,10000.00000000000,400.00000000000
INOM,KLAR,"4","0",0.04000000,0.00000000,10000.00000000000,400.00000000000
INOM,KLAR,"16","0",0.16000000,0.00000000,10000.00000000000,400.00000000000
INOM,KLAR,"6","0",0.06000000,0.00000000,10000.00000000000,400.00000000000
INOM,KLAR,"13","3",0.13000000,0.03000000,10000.00000000000,400.00000000000
INOM,KLAR,"20","1",0.20000000,0.01000000,10000.00000000000,400.00000000000
INOM,KLAR,"5","11",0.05000000,0.11000000,10000.00000000000,400.00000000000
INOM,KLAR,"3","3",0.03000000,0.03000000,10000.00000000000,400.00000000000
INOM,KLAR,"0","7",0.00000000,0.07000000,10000.00000000000,400.00000000000
INOM,KLAR,"29","0",0.29000000,0.00000000,10000.00000000000,400.00000000000
INOM,KLAR,"4","1",0.04000000,0.01000000,10000.00000000000,400.00000000000
INOM,KLAR,"13","5",0.13000000,0.05000000,10000.00000000000,400.00000000000
INOM,KLAR,"6","0",0.06000000,0.00000000,10000.00000000000,400.00000000000
INOM,KLAR,"23","1",0.23000000,0.01000000,10000.00000000000,400.00000000000
INOM,KLAR,"38","0",0.38000000,0.00000000,10000.00000000000,400.00000000000
INOM,KLAR,"23","13",0.23000000,0.13000000,10000.00000000000,400.00000000000
INOM,KLAR,"11","3",0.11000000,0.03000000,10000.00000000000,400.00000000000
INOM,KLAR,"16","1",0.16000000,0.01000000,10000.00000000000,400.00000000000
INOM,KLAR,"28","1",0.28000000,0.01000000,10000.00000000000,400.00000000000
INOM,KLAR,"0","3",0.00000000,0.03000000,10000.00000000000,400.00000000000
INOM,KLAR,"9","1",0.09000000,0.01000000,10000.00000000000,400.00000000000
INOM,KLAR,"10","0",0.10000000,0.00000000,10000.00000000000,400.00000000000
INOM,KLAR,"25","0",0.25000000,0.00000000,10000.00000000000,400.00000000000
INOM,KLAR,"1","0",0.01000000,0.00000000,10000.00000000000,400.00000000000
INOM,KLAR,"1","0",0.01000000,0.00000000,10000.00000000000,400.00000000000
INOM,KLAR,"1","1",0.01000000,0.01000000,10000.00000000000,400.00000000000
INOM,KLAR,"13","0",0.13000000,0.00000000,10000.00000000000,400.00000000000
